item_id,title,price,shipping,total_cost,current_bucket,current_status,normalized_bucket,score,alert_eligible,model,storage,repair_issue,profit_mid,manual_review_reason,trace_missing_data,trace_blocking_rules,key_description_evidence,matched_phrases,qa_verdict,better_bucket,confidence,why,suggested_signal_rule,has_raw_description,aspect_keys
v1|267721455090|0,OEM Apple iPhone 16 Screen Display Assembly Cracked Glass Good OLED Touch Works,119.97,0.0,119.97,Rejected / Avoid,rejected,avoid,-100.0,False,unknown,,,0.0,Accessory/part listing; Screen/display part listing; Not a whole phone; No specific repair issue detected; Parts estimate not verified; Model unknown; Best Offer available,"model_unknown, storage_unknown, carrier_unknown, resale_value_missing, repair_issue_missing, specific_repair_issue_missing","status_not_candidate, score_below_threshold, hard_reject_flags, whole_phone_confidence_failed, repair_issue_missing, estimated_profit_unavailable, result_alert_ineligible",OEM Apple iPhone 16 Screen Display Assembly Cracked Glass Good OLED Touch Works,"works, display assembly, screen display assembly, for parts",should_be_rejected,Rejected / Avoid,high,Stored text or flags indicate accessory/component-only listing.,"Auto-sort using phrase/flag evidence: works, display assembly, screen display assembly, for parts",False,
v1|257612607490|0,OEM Apple iPhone 14 Screen Display Assembly Cracked Glass Good OLED Touch Works,79.97,0.0,79.97,Rejected / Avoid,rejected,avoid,-100.0,False,unknown,,,0.0,Accessory/part listing; Screen/display part listing; Not a whole phone; No specific repair issue detected; Parts estimate not verified; Model unknown; Best Offer available,"model_unknown, storage_unknown, carrier_unknown, resale_value_missing, repair_issue_missing, specific_repair_issue_missing","status_not_candidate, score_below_threshold, hard_reject_flags, whole_phone_confidence_failed, repair_issue_missing, estimated_profit_unavailable, result_alert_ineligible",OEM Apple iPhone 14 Screen Display Assembly Cracked Glass Good OLED Touch Works,"works, display assembly, screen display assembly, for parts",should_be_rejected,Rejected / Avoid,high,Stored text or flags indicate accessory/component-only listing.,"Auto-sort using phrase/flag evidence: works, display assembly, screen display assembly, for parts",False,
v1|298490998367|0,"Apple iPhone 15 Pro 256GB Blue Titanium UNLOCKED (Cracked screen, phone works)",500.0,10.0,510.0,Needs Data / Needs Review,risky,needs_data,58.0,False,iPhone 15 Pro,256GB,"cracked_screen, unlocked",-106.95,Expected profit below threshold; Parts estimate not verified; Low-confidence pricing,,"status_not_candidate, score_below_threshold, result_alert_ineligible","Apple iPhone 15 Pro 256GB Blue Titanium UNLOCKED (Cracked screen, phone works)","works, unlocked, for parts, cracked screen",should_be_watch,Risky / Watch,medium,"Damaged whole-phone listing looks reviewable, not alert-safe.","Use whole-phone evidence phrases: works, unlocked, for parts, cracked screen",False,
v1|307050354805|0,"Apple iPhone 15 - 128GB - Green (Unlocked) - CRACKED BACK, NON OEM SCREEN",249.99,0.0,249.99,Needs Data / Needs Review,risky,good,73.0,False,iPhone 15,128GB,"back_glass_cracked, unlocked",83.01,Expected profit below threshold; Only upside case works; Low-confidence pricing needs stronger profit; Profit depends on mint resale; Parts estimate not verified; Low-confidence pricing,,"status_not_candidate, result_alert_ineligible","SEARCH OUR INVENTORY For Parts or Not Working Apple iPhone 15 - 128GB - Green (Unlocked) Specs: Unlocked Included: Device NOT Included: SIM Card Charger Headphones Original Box Condition Rating: Broken * Expect signs of wear in the form of scratches, dents and","unlocked, for parts, as-is, no returns, cracked back, back glass, charging port",should_be_priority_review,Priority Review,medium,"Promising whole-phone evidence exists, but alert-safety data is incomplete.","Use whole-phone evidence phrases: unlocked, for parts, as-is, no returns, cracked back, back glass, charging port",True,
v1|366530441592|0,Broken Unlocked Apple iPhone X 256GB 16.0 A1865 front screen is cracked,89.99,0.0,89.99,Needs Data / Needs Review,risky,needs_data,73.0,False,iPhone X,256GB,"cracked_screen, unlocked",0.0,Parts estimate not verified,resale_value_missing,"status_not_candidate, estimated_profit_unavailable, result_alert_ineligible",Broken Unlocked Apple iPhone X 256GB 16.0 A1865 front screen is cracked,"unlocked, for parts",should_remain_needs_data,Needs Data / Needs Review,medium,Missing fields are not confidently resolvable from stored text.,,False,
v1|127964300103|0,Apple iPhone 13 128GB Black Damaged Cracked Screen DOES STILL WORK ~ For Parts?,138.94,0.0,138.94,Needs Data / Needs Review,risky,good,64.0,False,iPhone 13,128GB,cracked_screen,31.26,Expected profit below threshold; Only upside case works; Conservative profit is negative; Low-confidence pricing needs stronger profit; Profit depends on mint resale; Parts estimate not verified; Low-confidence pricing,carrier_unknown,"status_not_candidate, score_below_threshold, result_alert_ineligible",Apple iPhone 13 128GB Black Damaged Cracked Screen DOES STILL WORK ~ For Parts if wanted to use for that. WITH THE SCREEN BEING CRACKED I HAD TO LIST UNDER FOR PARTS Needs Sim Card to use.,"for parts, cracked screen",should_be_watch,Risky / Watch,medium,"Damaged whole-phone listing looks reviewable, not alert-safe.","Use whole-phone evidence phrases: for parts, cracked screen",True,
v1|327253131790|0,Apple iPhone 14 oem cracked screen parts Read bad OLED,40.0,0.0,40.0,Best Pick / Candidate,candidate,avoid,93.0,True,iPhone 14,,"cracked_screen, bad_oled",139.1,Best Offer available,"model_unknown, storage_unknown, carrier_unknown, resale_value_missing","status_not_candidate, score_below_threshold, hard_reject_flags, whole_phone_confidence_failed, estimated_profit_unavailable, result_alert_ineligible","For one used Apple iPhone 14 original OLED screen, pulled from a working phone fully tested and working. The front has a lot of scratches, touch works, OLED ( line right side ), for strictly for flex parts only, phone is not included, only used to show you the","works, phone is not included, for flex parts only, for parts, as is, no returns, cracked screen, bad oled",should_be_rejected,Rejected / Avoid,high,Stored text or flags indicate accessory/component-only listing.,"Auto-sort using phrase/flag evidence: works, phone is not included, for flex parts only, for parts, as is, no returns, cracked screen, bad oled",True,
v1|327253086710|0,Apple iPhone X oem cracked screen OLED only parts READ,40.0,0.0,40.0,Rejected / Avoid,rejected,avoid,-100.0,False,unknown,,cracked_screen,0.0,Accessory/part listing; Screen/display part listing; Not a whole phone; Parts estimate not verified; Model unknown; Best Offer available,"model_unknown, storage_unknown, carrier_unknown, resale_value_missing","status_not_candidate, score_below_threshold, hard_reject_flags, whole_phone_confidence_failed, estimated_profit_unavailable, result_alert_ineligible",Apple iPhone X oem cracked screen OLED only parts READ,"oled only, for parts, cracked screen",should_be_rejected,Rejected / Avoid,high,Stored text or flags indicate accessory/component-only listing.,"Auto-sort using phrase/flag evidence: oled only, for parts, cracked screen",False,
v1|178173227672|0,Apple iPhone 13 128GB Red Unlocked - Minor Hairline Crack - Works Great,220.0,0.0,220.0,Needs Data / Needs Review,risky,watch,26.0,False,iPhone 13,128GB,unlocked,0.0,No specific repair issue detected; Parts estimate not verified; Low-confidence pricing; Best Offer available,"repair_issue_missing, specific_repair_issue_missing","status_not_candidate, score_below_threshold, stale_item, not_fresh_for_alert, item_age_above_alert_window, repair_issue_missing, estimated_profit_unavailable, result_alert_ineligible",Apple iPhone 13 128GB Red Unlocked - Minor Hairline Crack - Works Great,"works, unlocked, for parts",should_remain_needs_data,Needs Data / Needs Review,medium,Missing fields are not confidently resolvable from stored text.,,False,
v1|188436755988|0,Apple iPhone 12 - 64 GB RED (Unlocked) fair cosmetic condition- Read description,155.0,0.0,155.0,Needs Data / Needs Review,risky,watch,61.0,False,iPhone 12,64GB,unlocked,0.0,Parts-only ambiguous; Parts estimate not verified; Read description listing,"resale_value_missing, specific_repair_issue_missing","status_not_candidate, score_below_threshold, stale_item, not_fresh_for_alert, item_age_above_alert_window, estimated_profit_unavailable, result_alert_ineligible",Apple iPhone 12 - 64 GB RED (Unlocked) fair cosmetic condition- Read description,"unlocked, read description",should_remain_needs_data,Needs Data / Needs Review,medium,Missing fields are not confidently resolvable from stored text.,,False,
v1|147337634377|0,Apple iPhone 11 64GB Purple - Back glass cracked- Screen has lines/visual damage,79.99,0.0,79.99,Needs Data / Needs Review,risky,watch,73.0,False,iPhone 11,64GB,"screen_display_issue, back_glass_cracked",0.0,Parts estimate not verified; Best Offer available,"carrier_unknown, resale_value_missing","status_not_candidate, stale_item, not_fresh_for_alert, item_age_above_alert_window, estimated_profit_unavailable, result_alert_ineligible",Apple iPhone 11 64GB Purple - Back glass cracked- Screen has lines/visual damage,"for parts, back glass",not_enough_info_even_after_description,Needs Data / Needs Review,medium,Stored description is missing and title/aspects do not resolve the missing fields.,Description/aspects missing; data fetch/storage issue rather than rule change.,False,
v1|336607582838|0,Apple iPhone 3GS 8GB Black A1303 AT&T Read Description,30.0,0.0,30.0,Rejected / Avoid,rejected,avoid,-100.0,False,unknown,,,0.0,Parts-only ambiguous; Parts estimate not verified; Model unknown; Read description listing; Best Offer available,"model_unknown, storage_unknown, resale_value_missing, specific_repair_issue_missing","status_not_candidate, score_below_threshold, stale_item, not_fresh_for_alert, item_age_above_alert_window, hard_reject_flags, estimated_profit_unavailable, result_alert_ineligible",Apple iPhone 3GS 8GB Black A1303 AT&T Read Description,read description,not_enough_info_even_after_description,Needs Data / Needs Review,medium,Stored description is missing and title/aspects do not resolve the missing fields.,Description/aspects missing; data fetch/storage issue rather than rule change.,False,
v1|366440785411|0,Broken Unlocked Apple iPhone 13 Pro Max 512GB 26.1 MNCC3LL/A READ,279.99,0.0,279.99,Needs Data / Needs Review,risky,watch,61.0,False,iPhone 13 Pro Max,512GB,unlocked,0.0,Parts-only ambiguous; Parts estimate not verified,specific_repair_issue_missing,"status_not_candidate, score_below_threshold, stale_item, not_fresh_for_alert, item_age_above_alert_window, estimated_profit_unavailable, result_alert_ineligible",Broken Unlocked Apple iPhone 13 Pro Max 512GB 26.1 MNCC3LL/A READ,"unlocked, for parts",should_remain_needs_data,Needs Data / Needs Review,medium,Missing fields are not confidently resolvable from stored text.,,False,
v1|366440785393|0,Broken Unlocked Apple iPhone XS Max 256GB 15.6.1 NT6L2LL/A READ,99.99,0.0,99.99,Needs Data / Needs Review,risky,watch,61.0,False,iPhone XS Max,256GB,unlocked,0.0,Parts-only ambiguous; Parts estimate not verified,"resale_value_missing, specific_repair_issue_missing","status_not_candidate, score_below_threshold, stale_item, not_fresh_for_alert, item_age_above_alert_window, estimated_profit_unavailable, result_alert_ineligible",Broken Unlocked Apple iPhone XS Max 256GB 15.6.1 NT6L2LL/A READ,"unlocked, for parts",should_remain_needs_data,Needs Data / Needs Review,medium,Missing fields are not confidently resolvable from stored text.,,False,
v1|800086615927|0,iPhone Model A1532,16.0,0.0,16.0,Needs Data / Needs Review,risky,watch,6.0,False,unknown,,,0.0,No specific repair issue detected; Parts estimate not verified; Model unknown,"model_unknown, storage_unknown, carrier_unknown, resale_value_missing, repair_issue_missing, specific_repair_issue_missing","status_not_candidate, score_below_threshold, stale_item, not_fresh_for_alert, item_age_above_alert_window, repair_issue_missing, estimated_profit_unavailable, result_alert_ineligible",iPhone Model A1532,for parts,not_enough_info_even_after_description,Needs Data / Needs Review,medium,Stored description is missing and title/aspects do not resolve the missing fields.,Description/aspects missing; data fetch/storage issue rather than rule change.,False,
v1|178173125924|0,Broken Unlocked Apple iPhone 11 64GB 18.6.2 Cracked Front Back Bad Batt,79.99,0.0,79.99,Needs Data / Needs Review,risky,watch,61.0,False,iPhone 11,64GB,unlocked,0.0,Parts-only ambiguous; Parts estimate not verified,"resale_value_missing, specific_repair_issue_missing","status_not_candidate, score_below_threshold, stale_item, not_fresh_for_alert, item_age_above_alert_window, estimated_profit_unavailable, result_alert_ineligible",Broken Unlocked Apple iPhone 11 64GB 18.6.2 Cracked Front Back Bad Batt,"unlocked, for parts",should_remain_needs_data,Needs Data / Needs Review,medium,Missing fields are not confidently resolvable from stored text.,,False,
v1|306968636089|0,"Apple iPhone 7 Plus 128GB Unlocked Black A1661 Cracked Screen, Tested Working",50.0,0.0,50.0,Rejected / Avoid,rejected,avoid,-100.0,False,unknown,128GB,"cracked_screen, unlocked",0.0,Parts estimate not verified; Model unknown; Best Offer available,"model_unknown, resale_value_missing","status_not_candidate, score_below_threshold, stale_item, not_fresh_for_alert, item_age_above_alert_window, hard_reject_flags, estimated_profit_unavailable, result_alert_ineligible","Apple iPhone 7 Plus 128GB Unlocked Black A1661 Cracked Screen, Tested Working","unlocked, for parts, cracked screen",not_enough_info_even_after_description,Needs Data / Needs Review,medium,Stored description is missing and title/aspects do not resolve the missing fields.,Description/aspects missing; data fetch/storage issue rather than rule change.,False,
v1|336607567691|0,Apple iPhone 5c 16GB White A1532 AT&T. Read Description,28.0,0.0,28.0,Rejected / Avoid,rejected,avoid,-100.0,False,unknown,,,0.0,Parts-only ambiguous; Parts estimate not verified; Model unknown; Read description listing; Best Offer available,"model_unknown, storage_unknown, resale_value_missing, specific_repair_issue_missing","status_not_candidate, score_below_threshold, stale_item, not_fresh_for_alert, item_age_above_alert_window, hard_reject_flags, estimated_profit_unavailable, result_alert_ineligible",Apple iPhone 5c 16GB White A1532 AT&T. Read Description,read description,not_enough_info_even_after_description,Needs Data / Needs Review,medium,Stored description is missing and title/aspects do not resolve the missing fields.,Description/aspects missing; data fetch/storage issue rather than rule change.,False,
v1|366440751400|0,Apple iPhone 6 32GB Gold Lot of 3 for Parts Or Repair,23.0,0.0,23.0,Rejected / Avoid,rejected,avoid,-100.0,False,unknown,,,0.0,Accessory/part listing; Not a whole phone; Parts-only ambiguous; Parts estimate not verified; Model unknown; Best Offer available,"model_unknown, storage_unknown, resale_value_missing, specific_repair_issue_missing","status_not_candidate, score_below_threshold, stale_item, not_fresh_for_alert, item_age_above_alert_window, hard_reject_flags, whole_phone_confidence_failed, estimated_profit_unavailable, result_alert_ineligible",Apple iPhone 6 32GB Gold Lot of 3 for Parts Or Repair,for parts,not_enough_info_even_after_description,Needs Data / Needs Review,medium,Stored description is missing and title/aspects do not resolve the missing fields.,Description/aspects missing; data fetch/storage issue rather than rule change.,False,
v1|800086544988|0,Broken Unlocked Apple iPhone 15 Plus eSIM 128GB 26.0 MTXR3LL/A Cracked Back,299.99,0.0,299.99,Needs Data / Needs Review,risky,watch,86.0,False,iPhone 15,128GB,"back_glass_cracked, unlocked",33.01,Expected profit below threshold; Only upside case works; Low-confidence pricing needs stronger profit; Profit depends on mint resale; Parts estimate not verified; Low-confidence pricing,,"status_not_candidate, stale_item, not_fresh_for_alert, item_age_above_alert_window, result_alert_ineligible",Broken Unlocked Apple iPhone 15 Plus eSIM 128GB 26.0 MTXR3LL/A Cracked Back Broken Unlocked Apple iPhone 15 Plus eSIM 128GB 26.0 MTXR3LL/A Cracked Back Items included in this sale: Broken Unlocked Apple iPhone 15 Plus eSIM 128GB 26.0 MTXR3LL/A Cracked Back Sor,"unlocked, for parts, cracked back, back glass",should_be_priority_review,Priority Review,medium,"Promising whole-phone evidence exists, but alert-safety data is incomplete.","Use whole-phone evidence phrases: unlocked, for parts, cracked back, back glass",True,
v1|206305696592|0,Apple iPhone SE 3nd Gen Unlocked 64GB RED BAD HOME BUTTON,59.99,0.0,59.99,Needs Data / Needs Review,risky,watch,26.0,False,iPhone SE,64GB,unlocked,0.0,No specific repair issue detected; Parts estimate not verified,"resale_value_missing, repair_issue_missing, specific_repair_issue_missing","status_not_candidate, score_below_threshold, stale_item, not_fresh_for_alert, item_age_above_alert_window, repair_issue_missing, estimated_profit_unavailable, result_alert_ineligible",Apple iPhone SE 3nd Gen Unlocked 64GB RED BAD HOME BUTTON,"unlocked, for parts",should_remain_needs_data,Needs Data / Needs Review,medium,Missing fields are not confidently resolvable from stored text.,,False,
v1|188436678982|0,Apple iPhone 11 64GB Black A2111 Unlocked Please Read Description,135.0,15.0,150.0,Needs Data / Needs Review,risky,watch,61.0,False,iPhone 11,64GB,unlocked,0.0,Parts-only ambiguous; Parts estimate not verified; Read description listing; Best Offer available,"resale_value_missing, specific_repair_issue_missing","status_not_candidate, score_below_threshold, stale_item, not_fresh_for_alert, item_age_above_alert_window, estimated_profit_unavailable, result_alert_ineligible",Apple iPhone 11 64GB Black A2111 Unlocked Please Read Description,"unlocked, read description",should_remain_needs_data,Needs Data / Needs Review,medium,Missing fields are not confidently resolvable from stored text.,,False,
v1|398000945430|0,Lot Of 2 Apple iPhone 8 Plus 64GB Black/Silver | For Parts,90.0,0.0,90.0,Rejected / Avoid,rejected,avoid,-100.0,False,unknown,64GB,,0.0,Accessory/part listing; Not a whole phone; Parts-only ambiguous; Parts estimate not verified; Model unknown; Best Offer available,"model_unknown, resale_value_missing, specific_repair_issue_missing","status_not_candidate, score_below_threshold, stale_item, not_fresh_for_alert, item_age_above_alert_window, hard_reject_flags, whole_phone_confidence_failed, estimated_profit_unavailable, result_alert_ineligible",Lot Of 2 Apple iPhone 8 Plus 64GB Black/Silver | For Parts,for parts,not_enough_info_even_after_description,Needs Data / Needs Review,medium,Stored description is missing and title/aspects do not resolve the missing fields.,Description/aspects missing; data fetch/storage issue rather than rule change.,False,
v1|178173083409|0,Apple iPhone XR Broken Cracked Screen For Parts/Repair Only READ LOOK,26.95,7.5,34.45,Needs Data / Needs Review,risky,watch,61.0,False,iPhone XR,,cracked_screen,0.0,Parts estimate not verified; Best Offer available,"storage_unknown, resale_value_missing","status_not_candidate, score_below_threshold, stale_item, not_fresh_for_alert, item_age_above_alert_window, estimated_profit_unavailable, result_alert_ineligible",Apple iPhone XR Broken Cracked Screen For Parts/Repair Only READ LOOK,"for parts, cracked screen",not_enough_info_even_after_description,Needs Data / Needs Review,medium,Stored description is missing and title/aspects do not resolve the missing fields.,Description/aspects missing; data fetch/storage issue rather than rule change.,False,
v1|287359768873|0,Apple iPhone 15 Plus 128GB – UNLOCKED – 87% Battery –Cracked Back Deep Scratches,317.5,0.0,317.5,Needs Data / Needs Review,risky,watch,86.0,False,iPhone 15,128GB,"back_glass_cracked, unlocked",15.5,Expected profit below threshold; Only upside case works; Conservative profit is negative; Low-confidence pricing needs stronger profit; Profit depends on mint resale; Parts estimate not verified; Low-confidence pricing,,"status_not_candidate, stale_item, not_fresh_for_alert, item_age_above_alert_window, result_alert_ineligible","For sale is a used iPhone 15 Plus 128GB (Unlocked). No iCloud account Screen: Deep scratches\ Back: Cracked\ Face ID: Working\ Battery Health: 87%\ Digitizer, LCD, charging port, power button all tested and working Comes AS-IS – shown in photos. **FREE SHIPPIN","unlocked, no icloud, for parts, as-is, cracked back, back glass, charging port",should_be_priority_review,Priority Review,medium,"Promising whole-phone evidence exists, but alert-safety data is incomplete.","Use whole-phone evidence phrases: unlocked, no icloud, for parts, as-is, cracked back, back glass, charging port",True,
v1|358611171797|0,iPhone XR For Parts-FMI ON.,25.28,0.0,25.28,Needs Data / Needs Review,risky,watch,49.0,False,iPhone XR,,,0.0,Parts-only ambiguous; Parts estimate not verified,"storage_unknown, resale_value_missing, specific_repair_issue_missing","status_not_candidate, score_below_threshold, stale_item, not_fresh_for_alert, item_age_above_alert_window, estimated_profit_unavailable, result_alert_ineligible",iPhone XR For Parts-FMI ON.,for parts,not_enough_info_even_after_description,Needs Data / Needs Review,medium,Stored description is missing and title/aspects do not resolve the missing fields.,Description/aspects missing; data fetch/storage issue rather than rule change.,False,
v1|377217833231|0,Apple iPhone 15 128GB AT&T Locked Cracked Back Phone Works Great 87% Battery,350.0,0.0,350.0,Needs Data / Needs Review,risky,watch,46.0,False,iPhone 15,128GB,back_glass_cracked,-17.0,Expected profit below threshold; Profit depends on mint resale; Parts estimate not verified; Low-confidence pricing; Best Offer available,,"status_not_candidate, score_below_threshold, stale_item, not_fresh_for_alert, item_age_above_alert_window, result_alert_ineligible",This phone is locked to AT&T. Cracked back but works great. The Apple iPhone 15 128GB AT&T Locked Cracked Back Phone is a stylish and high-performing smartphone with a 6.1-inch screen size and a Hexa Core processor. It features a built-in memory and a battery ,"works, for parts, cracked back",should_be_watch,Risky / Watch,medium,"Damaged whole-phone listing looks reviewable, not alert-safe.","Use whole-phone evidence phrases: works, for parts, cracked back",True,
v1|157950065777|0,Broken Unlocked Apple iPhone 11 64GB 26.3 MWJE2LL/A Bad battery,94.99,0.0,94.99,Needs Data / Needs Review,risky,watch,73.0,False,iPhone 11,64GB,"bad_battery, unlocked",0.0,Parts estimate not verified,resale_value_missing,"status_not_candidate, stale_item, not_fresh_for_alert, item_age_above_alert_window, estimated_profit_unavailable, result_alert_ineligible",Broken Unlocked Apple iPhone 11 64GB 26.3 MWJE2LL/A Bad battery,"unlocked, for parts, bad battery",app_missing_pricing_data,Needs Data / Needs Review,high,"Model and repair issue are present, but resale/profit data is unavailable.","Research pricing table for iPhone 11 / bad_battery, unlocked.",False,
v1|178173042392|0,LOT OF 10 - Apple iPhone 5c A1532 8GB White - AT&T Only - FOR PARTS,99.99,0.0,99.99,Rejected / Avoid,rejected,avoid,-100.0,False,unknown,,,0.0,Accessory/part listing; Not a whole phone; Parts-only ambiguous; Parts estimate not verified; Model unknown; Best Offer available,"model_unknown, storage_unknown, resale_value_missing, specific_repair_issue_missing","status_not_candidate, score_below_threshold, stale_item, not_fresh_for_alert, item_age_above_alert_window, hard_reject_flags, whole_phone_confidence_failed, estimated_profit_unavailable, result_alert_ineligible",LOT OF 10 - Apple iPhone 5c A1532 8GB White - AT&T Only - FOR PARTS,for parts,not_enough_info_even_after_description,Needs Data / Needs Review,medium,Stored description is missing and title/aspects do not resolve the missing fields.,Description/aspects missing; data fetch/storage issue rather than rule change.,False,
v1|157950053100|0,LOT OF 11 - Apple iPhone 4/4S (A1349/A1387) 8GB AT&T Verizon - FOR PARTS,79.99,0.0,79.99,Rejected / Avoid,rejected,avoid,-100.0,False,unknown,,,0.0,Accessory/part listing; Not a whole phone; Parts-only ambiguous; Parts estimate not verified; Model unknown; Best Offer available,"model_unknown, storage_unknown, resale_value_missing, specific_repair_issue_missing","status_not_candidate, score_below_threshold, stale_item, not_fresh_for_alert, item_age_above_alert_window, hard_reject_flags, whole_phone_confidence_failed, estimated_profit_unavailable, result_alert_ineligible",LOT OF 11 - Apple iPhone 4/4S (A1349/A1387) 8GB AT&T Verizon - FOR PARTS,for parts,not_enough_info_even_after_description,Needs Data / Needs Review,medium,Stored description is missing and title/aspects do not resolve the missing fields.,Description/aspects missing; data fetch/storage issue rather than rule change.,False,
v1|318376351091|0,iPhone 8/7 Plus/8 plus Lot For Parts Or Repair,69.99,10.64,80.63,Rejected / Avoid,rejected,avoid,-100.0,False,unknown,,,0.0,Parts-only ambiguous; Parts estimate not verified; Model unknown; Best Offer available,"model_unknown, storage_unknown, resale_value_missing, specific_repair_issue_missing","status_not_candidate, score_below_threshold, stale_item, not_fresh_for_alert, item_age_above_alert_window, hard_reject_flags, estimated_profit_unavailable, result_alert_ineligible",iPhone 8/7 Plus/8 plus Lot For Parts Or Repair,for parts,not_enough_info_even_after_description,Needs Data / Needs Review,medium,Stored description is missing and title/aspects do not resolve the missing fields.,Description/aspects missing; data fetch/storage issue rather than rule change.,False,
v1|336607524405|0,Apple iPhone 17e A3575 Black 256GB A18 12MP Dual SIM GSM Smartphone for parts,300.0,0.0,300.0,Needs Data / Needs Review,risky,watch,41.0,False,unknown,256GB,,0.0,Parts-only ambiguous; Parts estimate not verified; Model unknown,"model_unknown, resale_value_missing, specific_repair_issue_missing","status_not_candidate, score_below_threshold, stale_item, not_fresh_for_alert, item_age_above_alert_window, estimated_profit_unavailable, result_alert_ineligible",Apple iPhone 17e A3575 Black 256GB A18 12MP Dual SIM GSM Smartphone for parts,for parts,not_enough_info_even_after_description,Needs Data / Needs Review,medium,Stored description is missing and title/aspects do not resolve the missing fields.,Description/aspects missing; data fetch/storage issue rather than rule change.,False,
v1|117220112327|0,Apple iPhone 13 Pro 256 GB (Gold) - Camera Spots,324.99,0.0,324.99,Needs Data / Needs Review,risky,watch,14.0,False,iPhone 13 Pro,256GB,,0.0,No specific repair issue detected; Parts estimate not verified; Low-confidence pricing; Best Offer available,"repair_issue_missing, specific_repair_issue_missing","status_not_candidate, score_below_threshold, stale_item, not_fresh_for_alert, item_age_above_alert_window, repair_issue_missing, estimated_profit_unavailable, result_alert_ineligible",Apple iPhone 13 Pro 256 GB (Gold) - Camera Spots,for parts,should_remain_needs_data,Needs Data / Needs Review,medium,Missing fields are not confidently resolvable from stored text.,,False,
v1|137355261204|0,Apple iPhone 12 mini A2176 Mint Green FOR PARTS ONLY,19.99,6.0,25.99,Needs Data / Needs Review,risky,watch,49.0,False,iPhone 12 Mini,,,0.0,Parts-only ambiguous; Parts estimate not verified,"storage_unknown, resale_value_missing, specific_repair_issue_missing","status_not_candidate, score_below_threshold, stale_item, not_fresh_for_alert, item_age_above_alert_window, estimated_profit_unavailable, result_alert_ineligible",Apple iPhone 12 mini A2176 Mint Green FOR PARTS ONLY,for parts,not_enough_info_even_after_description,Needs Data / Needs Review,medium,Stored description is missing and title/aspects do not resolve the missing fields.,Description/aspects missing; data fetch/storage issue rather than rule change.,False,
v1|287359728392|0,iphone 1 first generation 3pcs 🚨Check the description before buying.🚨,50.0,0.0,50.0,Needs Data / Needs Review,risky,watch,6.0,False,unknown,,,0.0,No specific repair issue detected; Parts estimate not verified; Model unknown; Best Offer available,"model_unknown, storage_unknown, resale_value_missing, repair_issue_missing, specific_repair_issue_missing","status_not_candidate, score_below_threshold, stale_item, not_fresh_for_alert, item_age_above_alert_window, repair_issue_missing, estimated_profit_unavailable, result_alert_ineligible",iphone 1 first generation 3pcs 🚨Check the description before buying.🚨,for parts,not_enough_info_even_after_description,Needs Data / Needs Review,medium,Stored description is missing and title/aspects do not resolve the missing fields.,Description/aspects missing; data fetch/storage issue rather than rule change.,False,
v1|117220100178|0,Apple iPhone 13 Pro Max 256GB Gold Unlocked Clean ESN Read Description,525.0,0.0,525.0,Needs Data / Needs Review,risky,watch,73.0,False,iPhone 13 Pro Max,256GB,"unlocked, clean_imei",0.0,Parts-only ambiguous; Parts estimate not verified; Read description listing; Best Offer available,specific_repair_issue_missing,"status_not_candidate, stale_item, not_fresh_for_alert, item_age_above_alert_window, estimated_profit_unavailable, result_alert_ineligible",Apple iPhone 13 Pro Max 256GB Gold Unlocked Clean ESN Read Description,"unlocked, read description",should_remain_needs_data,Needs Data / Needs Review,medium,Missing fields are not confidently resolvable from stored text.,,False,
v1|157950019678|0,Broken Unlocked Apple iPhone 12 64GB 26.3.1 MGFL3LL/A READ,119.99,0.0,119.99,Needs Data / Needs Review,risky,watch,61.0,False,iPhone 12,64GB,unlocked,0.0,Parts-only ambiguous; Parts estimate not verified,"resale_value_missing, specific_repair_issue_missing","status_not_candidate, score_below_threshold, stale_item, not_fresh_for_alert, item_age_above_alert_window, estimated_profit_unavailable, result_alert_ineligible",Broken Unlocked Apple iPhone 12 64GB 26.3.1 MGFL3LL/A READ,"unlocked, for parts",should_remain_needs_data,Needs Data / Needs Review,medium,Missing fields are not confidently resolvable from stored text.,,False,
v1|306968559000|0,Apple iPhone XR 64GB Black Unlocked - Functions Normal - Screen has Cracks,99.99,0.0,99.99,Needs Data / Needs Review,risky,watch,26.0,False,iPhone XR,64GB,unlocked,0.0,No specific repair issue detected; Parts estimate not verified; Best Offer available,"resale_value_missing, repair_issue_missing, specific_repair_issue_missing","status_not_candidate, score_below_threshold, stale_item, not_fresh_for_alert, item_age_above_alert_window, repair_issue_missing, estimated_profit_unavailable, result_alert_ineligible",Apple iPhone XR 64GB Black Unlocked - Functions Normal - Screen has Cracks,"unlocked, for parts",should_remain_needs_data,Needs Data / Needs Review,medium,Missing fields are not confidently resolvable from stored text.,,False,
v1|358611099620|0,SHATTERED SCREEN & BACK Apple iPhone 14 A2649 128GB Purple Verizon Locked,199.99,0.0,199.99,Needs Data / Needs Review,risky,watch,14.0,False,iPhone 14,128GB,,0.0,No specific repair issue detected,"repair_issue_missing, specific_repair_issue_missing","status_not_candidate, score_below_threshold, stale_item, not_fresh_for_alert, item_age_above_alert_window, repair_issue_missing, estimated_profit_unavailable, result_alert_ineligible",SHATTERED SCREEN & BACK Apple iPhone 14 A2649 128GB Purple Verizon Locked,for parts,should_remain_needs_data,Needs Data / Needs Review,medium,Missing fields are not confidently resolvable from stored text.,,False,
v1|267683246454|0,Apple iPhone 15 Plus - 128 GB - Green (Unlocked) *READ DESCRIPTION*,339.99,0.0,339.99,Needs Data / Needs Review,risky,watch,61.0,False,iPhone 15,128GB,unlocked,0.0,Parts-only ambiguous; Parts estimate not verified; Low-confidence pricing; Read description listing; Best Offer available,specific_repair_issue_missing,"status_not_candidate, score_below_threshold, stale_item, not_fresh_for_alert, item_age_above_alert_window, estimated_profit_unavailable, result_alert_ineligible",Apple iPhone 15 Plus - 128 GB - Green (Unlocked) *READ DESCRIPTION*,"unlocked, read description",should_remain_needs_data,Needs Data / Needs Review,medium,Missing fields are not confidently resolvable from stored text.,,False,
v1|188436530687|0,Apple iPhone 8 Rose Gold Does Not Power Up (ST002),29.0,8.85,37.85,Rejected / Avoid,rejected,avoid,-100.0,False,unknown,,,0.0,No specific repair issue detected; Parts estimate not verified; Model unknown; Best Offer available,"model_unknown, storage_unknown, resale_value_missing, repair_issue_missing, specific_repair_issue_missing","status_not_candidate, score_below_threshold, stale_item, not_fresh_for_alert, item_age_above_alert_window, hard_reject_flags, repair_issue_missing, estimated_profit_unavailable, result_alert_ineligible",Apple iPhone 8 Rose Gold Does Not Power Up (ST002),for parts,not_enough_info_even_after_description,Needs Data / Needs Review,medium,Stored description is missing and title/aspects do not resolve the missing fields.,Description/aspects missing; data fetch/storage issue rather than rule change.,False,
v1|398000853536|0,Iphone 14 Plus Carrier Unlocked Read Description 128gb,247.99,0.0,247.99,Needs Data / Needs Review,risky,watch,61.0,False,iPhone 14 Plus,128GB,unlocked,0.0,Parts-only ambiguous; Parts estimate not verified; Read description listing,"resale_value_missing, specific_repair_issue_missing","status_not_candidate, score_below_threshold, stale_item, not_fresh_for_alert, item_age_above_alert_window, estimated_profit_unavailable, result_alert_ineligible",Iphone 14 Plus Carrier Unlocked Read Description 128gb,"unlocked, read description",should_remain_needs_data,Needs Data / Needs Review,medium,Missing fields are not confidently resolvable from stored text.,,False,
v1|188436526270|0,Apple iPhone 8 Plus 128GB Red iOS Smartphone 12MP Bar Style For Parts,29.0,0.0,29.0,Rejected / Avoid,rejected,avoid,-100.0,False,unknown,128GB,,0.0,Parts-only ambiguous; Parts estimate not verified; Model unknown; Best Offer available,"model_unknown, resale_value_missing, specific_repair_issue_missing","status_not_candidate, score_below_threshold, stale_item, not_fresh_for_alert, item_age_above_alert_window, hard_reject_flags, estimated_profit_unavailable, result_alert_ineligible",Apple iPhone 8 Plus 128GB Red iOS Smartphone 12MP Bar Style For Parts,for parts,not_enough_info_even_after_description,Needs Data / Needs Review,medium,Stored description is missing and title/aspects do not resolve the missing fields.,Description/aspects missing; data fetch/storage issue rather than rule change.,False,
v1|227362492358|0,Broken Unlocked Apple iPhone 11 64GB 18.6.2 MM693LL/A READ,119.99,0.0,119.99,Needs Data / Needs Review,risky,watch,61.0,False,iPhone 11,64GB,unlocked,0.0,Parts-only ambiguous; Parts estimate not verified,"resale_value_missing, specific_repair_issue_missing","status_not_candidate, score_below_threshold, stale_item, not_fresh_for_alert, item_age_above_alert_window, estimated_profit_unavailable, result_alert_ineligible",Broken Unlocked Apple iPhone 11 64GB 18.6.2 MM693LL/A READ,"unlocked, for parts",should_remain_needs_data,Needs Data / Needs Review,medium,Missing fields are not confidently resolvable from stored text.,,False,
v1|137355214383|0,Apple iPhone XS Max - 256 GB - Space Gray (AT&T),67.5,6.57,74.07,Needs Data / Needs Review,risky,watch,14.0,False,iPhone XS Max,256GB,,0.0,No specific repair issue detected; Parts estimate not verified,"resale_value_missing, repair_issue_missing, specific_repair_issue_missing","status_not_candidate, score_below_threshold, stale_item, not_fresh_for_alert, item_age_above_alert_window, repair_issue_missing, estimated_profit_unavailable, result_alert_ineligible",Apple iPhone XS Max - 256 GB - Space Gray (AT&T),for parts,should_remain_needs_data,Needs Data / Needs Review,medium,Missing fields are not confidently resolvable from stored text.,,False,
v1|298362920991|0,Apple iPhone 16 Pro Max - 256 GB - Black (AT&T) Esn Checks (Cracked),444.44,0.0,444.44,Needs Data / Needs Review,risky,watch,14.0,False,iPhone 16 Pro Max,256GB,,0.0,No specific repair issue detected,"repair_issue_missing, specific_repair_issue_missing","status_not_candidate, score_below_threshold, stale_item, not_fresh_for_alert, item_age_above_alert_window, repair_issue_missing, estimated_profit_unavailable, result_alert_ineligible",Apple iPhone 16 Pro Max - 256 GB - Black (AT&T) Esn Checks (Cracked),for parts,should_remain_needs_data,Needs Data / Needs Review,medium,Missing fields are not confidently resolvable from stored text.,,False,
v1|178172974189|0,Apple iPhone SE (3rd Generation) A2595 128GB Black UNLOCKED PARTS ONLY,99.95,0.0,99.95,Needs Data / Needs Review,risky,watch,61.0,False,iPhone SE,128GB,unlocked,0.0,Parts-only ambiguous; Parts estimate not verified,"resale_value_missing, specific_repair_issue_missing","status_not_candidate, score_below_threshold, stale_item, not_fresh_for_alert, item_age_above_alert_window, estimated_profit_unavailable, result_alert_ineligible",Apple iPhone SE (3rd Generation) A2595 128GB Black UNLOCKED PARTS ONLY,"unlocked, for parts",should_remain_needs_data,Needs Data / Needs Review,medium,Missing fields are not confidently resolvable from stored text.,,False,
v1|267683233857|0,Apple iPhone 15 Pro - 128 GB - Blue Titanium (Unlocked) *READ DESCRIPTION*,399.99,0.0,399.99,Needs Data / Needs Review,risky,watch,61.0,False,iPhone 15 Pro,128GB,unlocked,0.0,Parts-only ambiguous; Parts estimate not verified; Low-confidence pricing; Read description listing; Best Offer available,specific_repair_issue_missing,"status_not_candidate, score_below_threshold, stale_item, not_fresh_for_alert, item_age_above_alert_window, estimated_profit_unavailable, result_alert_ineligible",Apple iPhone 15 Pro - 128 GB - Blue Titanium (Unlocked) *READ DESCRIPTION*,"unlocked, read description",should_remain_needs_data,Needs Data / Needs Review,medium,Missing fields are not confidently resolvable from stored text.,,False,
v1|267683231399|0,iPhone 15 128GB Black T-Mobile For Parts/Not Working Read Description,280.0,0.0,280.0,Needs Data / Needs Review,risky,watch,39.0,False,iPhone 15,128GB,,0.0,Parts-only ambiguous; Parts estimate not verified; Low-confidence pricing; Read description listing; Best Offer available,specific_repair_issue_missing,"status_not_candidate, score_below_threshold, stale_item, not_fresh_for_alert, item_age_above_alert_window, estimated_profit_unavailable, result_alert_ineligible",iPhone 15 128GB Black T-Mobile For Parts/Not Working Read Description,"read description, for parts",should_remain_needs_data,Needs Data / Needs Review,medium,Missing fields are not confidently resolvable from stored text.,,False,
v1|127890687681|0,Apple iPhone 12 Pro Parts Only - READ DESCRIPTION,49.9,8.0,57.9,Needs Data / Needs Review,risky,watch,39.0,False,iPhone 12 Pro,,,0.0,Parts-only ambiguous; Parts estimate not verified; Read description listing,"storage_unknown, resale_value_missing, specific_repair_issue_missing","status_not_candidate, score_below_threshold, stale_item, not_fresh_for_alert, item_age_above_alert_window, estimated_profit_unavailable, result_alert_ineligible",Apple iPhone 12 Pro Parts Only - READ DESCRIPTION,"read description, for parts",not_enough_info_even_after_description,Needs Data / Needs Review,medium,Stored description is missing and title/aspects do not resolve the missing fields.,Description/aspects missing; data fetch/storage issue rather than rule change.,False,
v1|117220057135|0,Apple iPhone 15 Pro - 256 GB - Black Titanium (Unlocked) Read Description,399.99,0.0,399.99,Needs Data / Needs Review,risky,watch,61.0,False,iPhone 15 Pro,256GB,unlocked,0.0,Parts-only ambiguous; Parts estimate not verified; Low-confidence pricing; Read description listing,specific_repair_issue_missing,"status_not_candidate, score_below_threshold, stale_item, not_fresh_for_alert, item_age_above_alert_window, estimated_profit_unavailable, result_alert_ineligible",Apple iPhone 15 Pro - 256 GB - Black Titanium (Unlocked) Read Description,"unlocked, read description",should_remain_needs_data,Needs Data / Needs Review,medium,Missing fields are not confidently resolvable from stored text.,,False,
v1|287359635450|0,"iPhone 15 128gb Unlocked, Cracked Back, Bad OLED, Swollen Battery, No IC READ!!",154.99,7.5,162.49,Needs Data / Needs Review,risky,watch,87.0,False,iPhone 15,128GB,"bad_battery, back_glass_cracked, bad_oled, powers_on, unlocked",83.01,Expected profit below threshold; Only upside case works; Low-confidence pricing needs stronger profit; Profit depends on mint resale; Parts estimate not verified; Low-confidence pricing; IC issue risk; No IC READ; IC read mentioned,,"status_not_candidate, stale_item, not_fresh_for_alert, item_age_above_alert_window, result_alert_ineligible",Read!! I am a reseller! I do not know the history of any IMEI. DO NOT PURCHASE IF YOU DONT UNDERSTAND WHAT THIS MEANS! ALL IMEIS ARE CLEAN AT TIME OF LISTING UNLESS OTHERWISE STATED! ————— iPhone 15 128gb unlocked for any carrier. ————— Device powers on and bo,"powers on, unlocked, for parts, as is, bad oled, cracked back",should_be_priority_review,Priority Review,medium,"Promising whole-phone evidence exists, but alert-safety data is incomplete.","Use whole-phone evidence phrases: powers on, unlocked, for parts, as is, bad oled, cracked back",True,
v1|366440614195|0,iPhone 7 Plus – For Parts / Repair Only (Model A1784),22.14,0.0,22.14,Rejected / Avoid,rejected,avoid,-100.0,False,unknown,,,0.0,Parts-only ambiguous; Parts estimate not verified; Model unknown; Best Offer available,"model_unknown, storage_unknown, resale_value_missing, specific_repair_issue_missing","status_not_candidate, score_below_threshold, stale_item, not_fresh_for_alert, item_age_above_alert_window, hard_reject_flags, estimated_profit_unavailable, result_alert_ineligible",iPhone 7 Plus – For Parts / Repair Only (Model A1784),for parts,not_enough_info_even_after_description,Needs Data / Needs Review,medium,Stored description is missing and title/aspects do not resolve the missing fields.,Description/aspects missing; data fetch/storage issue rather than rule change.,False,
v1|188436379113|0,Apple iPhone 8 Plus 64GB Red Unlocked iOS Smartphone Cracked Screen/Back,28.25,0.0,28.25,Rejected / Avoid,rejected,avoid,-100.0,False,unknown,64GB,"cracked_screen, unlocked",0.0,Parts estimate not verified; Model unknown; Best Offer available,"model_unknown, resale_value_missing","status_not_candidate, score_below_threshold, stale_item, not_fresh_for_alert, item_age_above_alert_window, hard_reject_flags, estimated_profit_unavailable, result_alert_ineligible",Apple iPhone 8 Plus 64GB Red Unlocked iOS Smartphone Cracked Screen/Back,"unlocked, for parts, cracked screen",not_enough_info_even_after_description,Needs Data / Needs Review,medium,Stored description is missing and title/aspects do not resolve the missing fields.,Description/aspects missing; data fetch/storage issue rather than rule change.,False,
v1|157949908217|0,Apple iPhone 13 Pro Max (READ DESCRIPTION PLZ),140.0,0.0,140.0,Needs Data / Needs Review,risky,watch,39.0,False,iPhone 13 Pro Max,,,0.0,Parts-only ambiguous; Parts estimate not verified; Read description listing; Best Offer available,"storage_unknown, specific_repair_issue_missing","status_not_candidate, score_below_threshold, stale_item, not_fresh_for_alert, item_age_above_alert_window, estimated_profit_unavailable, result_alert_ineligible",Apple iPhone 13 Pro Max (READ DESCRIPTION PLZ),"read description, for parts",not_enough_info_even_after_description,Needs Data / Needs Review,medium,Stored description is missing and title/aspects do not resolve the missing fields.,Description/aspects missing; data fetch/storage issue rather than rule change.,False,
v1|327183323420|0,Unlocked Apple iPhone 11 64GB 26.0.1 MWJG2LL/A Bad Battery,100.0,0.0,100.0,Needs Data / Needs Review,risky,watch,73.0,False,iPhone 11,64GB,"bad_battery, unlocked",0.0,Parts estimate not verified; Best Offer available,resale_value_missing,"status_not_candidate, stale_item, not_fresh_for_alert, item_age_above_alert_window, estimated_profit_unavailable, result_alert_ineligible",Unlocked Apple iPhone 11 64GB 26.0.1 MWJG2LL/A Bad Battery,"unlocked, for parts, bad battery",app_missing_pricing_data,Needs Data / Needs Review,high,"Model and repair issue are present, but resale/profit data is unavailable.","Research pricing table for iPhone 11 / bad_battery, unlocked.",False,
v1|287359618203|0,Broken Unlocked Apple iPhone 12 Mini 64GB 26.5 A2176 bad battery static,139.99,0.0,139.99,Needs Data / Needs Review,risky,watch,73.0,False,iPhone 12 Mini,64GB,"bad_battery, unlocked",0.0,Parts estimate not verified,resale_value_missing,"status_not_candidate, stale_item, not_fresh_for_alert, item_age_above_alert_window, estimated_profit_unavailable, result_alert_ineligible",Broken Unlocked Apple iPhone 12 Mini 64GB 26.5 A2176 bad battery static,"unlocked, for parts, bad battery",app_missing_pricing_data,Needs Data / Needs Review,high,"Model and repair issue are present, but resale/profit data is unavailable.","Research pricing table for iPhone 12 Mini / bad_battery, unlocked.",False,
v1|278031766700|0,Apple iPhone SE (3rd Gen.) Midnight 64GB Unlocked - Cracked Screen & Back - READ,91.79,0.0,91.79,Needs Data / Needs Review,risky,watch,73.0,False,iPhone SE,64GB,"cracked_screen, unlocked",0.0,Parts estimate not verified,resale_value_missing,"status_not_candidate, stale_item, not_fresh_for_alert, item_age_above_alert_window, estimated_profit_unavailable, result_alert_ineligible",Apple iPhone SE (3rd Gen.) Midnight 64GB Unlocked - Cracked Screen & Back - READ,"unlocked, for parts, cracked screen",app_missing_pricing_data,Needs Data / Needs Review,high,"Model and repair issue are present, but resale/profit data is unavailable.","Research pricing table for iPhone SE / cracked_screen, unlocked.",False,
v1|278031746235|0,Apple iPhone XS Max Space Gray 256GB Unlocked - Cracked Screen & Back - NO POWER,91.79,0.0,91.79,Rejected / Avoid,rejected,avoid,-100.0,False,iPhone XS Max,256GB,"cracked_screen, unlocked",0.0,Parts estimate not verified,resale_value_missing,"status_not_candidate, score_below_threshold, stale_item, not_fresh_for_alert, item_age_above_alert_window, hard_reject_flags, estimated_profit_unavailable, result_alert_ineligible",Apple iPhone XS Max Space Gray 256GB Unlocked - Cracked Screen & Back - NO POWER,"unlocked, for parts, cracked screen",app_missing_pricing_data,Needs Data / Needs Review,high,"Model and repair issue are present, but resale/profit data is unavailable.","Research pricing table for iPhone XS Max / cracked_screen, unlocked.",False,
v1|358610883225|0,Apple iPhone 15 128GB T-Mobile Blue Cracked Screen Glass,279.95,0.0,279.95,Needs Data / Needs Review,risky,watch,80.0,False,iPhone 15,128GB,"cracked_screen, back_glass_cracked, clean_imei",-24.5,Expected profit below threshold; Profit depends on mint resale; Parts estimate not verified; Low-confidence pricing,,"status_not_candidate, stale_item, not_fresh_for_alert, item_age_above_alert_window, result_alert_ineligible",Apple iPhone 15 Color: Blue Capacity: 128GB Carrier: T-Mobile Only Clean IMEI FMI / iCloud OFF Condition: Parts/Repair Only. Details: Cracked Screen Glass. Cracked Back Glass Battery Health 86% Fully Functional 30 Days Return Policy. FREE SHIPPING 3-5 day USPS,"clean imei, for parts, cracked screen, cracked back, back glass",should_be_priority_review,Priority Review,medium,"Promising whole-phone evidence exists, but alert-safety data is incomplete.","Use whole-phone evidence phrases: clean imei, for parts, cracked screen, cracked back, back glass",True,
v1|358610877995|0,Apple iPhone 14 Pro 256GB Unlocked Silver Cracked Back Glass,379.95,0.0,379.95,Needs Data / Needs Review,risky,watch,80.0,False,iPhone 14 Pro,256GB,"back_glass_cracked, unlocked, clean_imei",-25.95,Expected profit below threshold; Profit depends on mint resale; Parts estimate not verified,,"status_not_candidate, stale_item, not_fresh_for_alert, item_age_above_alert_window, result_alert_ineligible",Apple iPhone 14 Pro Color: Silver Capacity: 256GB Carrier: Unlocked Clean IMEI FMI / iCloud OFF Condition: Parts/Repair Only. Details: Cracked Back Glass Fully functional 30 Days Return Policy. FREE SHIPPING 3-5 day USPS First Class Package,"clean imei, unlocked, for parts, cracked back, back glass",should_be_priority_review,Priority Review,medium,"Promising whole-phone evidence exists, but alert-safety data is incomplete.","Use whole-phone evidence phrases: clean imei, unlocked, for parts, cracked back, back glass",True,
v1|358610874677|0,Apple iPhone 13 128GB Unlocked Midnight Cracked Back Glass,189.95,0.0,189.95,Needs Data / Needs Review,risky,watch,76.0,False,iPhone 13,128GB,"back_glass_cracked, unlocked",7.05,Expected profit below threshold; Only upside case works; Conservative profit is negative; Low-confidence pricing needs stronger profit; Parts estimate not verified; Low-confidence pricing,,"status_not_candidate, stale_item, not_fresh_for_alert, item_age_above_alert_window, result_alert_ineligible",Apple iPhone 13 128GB Unlocked Midnight Cracked Back Glass,"unlocked, for parts, cracked back, back glass",should_be_priority_review,Priority Review,medium,"Promising whole-phone evidence exists, but alert-safety data is incomplete.","Use whole-phone evidence phrases: unlocked, for parts, cracked back, back glass",False,
v1|377217695310|0,Unlocked Apple iPhone 13 Mini 128 GB READ As Is See Description For Parts,109.0,0.0,109.0,Needs Data / Needs Review,risky,watch,51.0,False,iPhone 13 Mini,128GB,unlocked,0.0,Parts-only ambiguous; Parts estimate not verified,"resale_value_missing, specific_repair_issue_missing","status_not_candidate, score_below_threshold, stale_item, not_fresh_for_alert, item_age_above_alert_window, estimated_profit_unavailable, result_alert_ineligible",Unlocked Apple iPhone 13 Mini 128 GB READ As Is See Description For Parts,"unlocked, for parts, as is",should_remain_needs_data,Needs Data / Needs Review,medium,Missing fields are not confidently resolvable from stored text.,,False,
v1|358610858485|0,Apple iPhone 11 64GB Unlocked Purple Cracked Screen Glass,153.0,0.0,153.0,Needs Data / Needs Review,risky,watch,73.0,False,iPhone 11,64GB,"cracked_screen, unlocked",0.0,Parts estimate not verified,resale_value_missing,"status_not_candidate, stale_item, not_fresh_for_alert, item_age_above_alert_window, estimated_profit_unavailable, result_alert_ineligible",Apple iPhone 11 64GB Unlocked Purple Cracked Screen Glass,"unlocked, for parts, cracked screen",app_missing_pricing_data,Needs Data / Needs Review,high,"Model and repair issue are present, but resale/profit data is unavailable.","Research pricing table for iPhone 11 / cracked_screen, unlocked.",False,
v1|358610849188|0,Apple iPhone 12 128GB Unlocked Purple Cracked Back Glass,139.95,0.0,139.95,Needs Data / Needs Review,risky,watch,73.0,False,iPhone 12,128GB,"back_glass_cracked, unlocked",0.0,Parts estimate not verified,resale_value_missing,"status_not_candidate, stale_item, not_fresh_for_alert, item_age_above_alert_window, estimated_profit_unavailable, result_alert_ineligible",Apple iPhone 12 128GB Unlocked Purple Cracked Back Glass,"unlocked, for parts, cracked back, back glass",app_missing_pricing_data,Needs Data / Needs Review,high,"Model and repair issue are present, but resale/profit data is unavailable.","Research pricing table for iPhone 12 / back_glass_cracked, unlocked.",False,
v1|327183275011|0,iPhone 17 Pro Max 256gb **parts Only**,949.0,0.0,949.0,Needs Data / Needs Review,risky,watch,49.0,False,iPhone 17 Pro Max,256GB,,0.0,Parts-only ambiguous; Parts estimate not verified; Best Offer available,specific_repair_issue_missing,"status_not_candidate, score_below_threshold, stale_item, not_fresh_for_alert, item_age_above_alert_window, estimated_profit_unavailable, result_alert_ineligible",iPhone 17 Pro Max 256gb **parts Only**,,should_remain_needs_data,Needs Data / Needs Review,medium,Missing fields are not confidently resolvable from stored text.,,False,
v1|358610810209|0,Apple iPhone 12 64GB Unlocked Purple Cracked Back Glass,129.95,0.0,129.95,Needs Data / Needs Review,risky,watch,73.0,False,iPhone 12,64GB,"back_glass_cracked, unlocked",0.0,Parts estimate not verified,resale_value_missing,"status_not_candidate, stale_item, not_fresh_for_alert, item_age_above_alert_window, estimated_profit_unavailable, result_alert_ineligible",Apple iPhone 12 64GB Unlocked Purple Cracked Back Glass,"unlocked, for parts, cracked back, back glass",app_missing_pricing_data,Needs Data / Needs Review,high,"Model and repair issue are present, but resale/profit data is unavailable.","Research pricing table for iPhone 12 / back_glass_cracked, unlocked.",False,
v1|358610800609|0,Apple iPhone 12 128GB Unlocked Blue Cracked Back Glass,139.95,0.0,139.95,Needs Data / Needs Review,risky,watch,73.0,False,iPhone 12,128GB,"back_glass_cracked, unlocked",0.0,Parts estimate not verified,resale_value_missing,"status_not_candidate, stale_item, not_fresh_for_alert, item_age_above_alert_window, estimated_profit_unavailable, result_alert_ineligible",Apple iPhone 12 128GB Unlocked Blue Cracked Back Glass,"unlocked, for parts, cracked back, back glass",app_missing_pricing_data,Needs Data / Needs Review,high,"Model and repair issue are present, but resale/profit data is unavailable.","Research pricing table for iPhone 12 / back_glass_cracked, unlocked.",False,
v1|406958271881|0,Apple iPhone 11 Pro Max 256GB Unlocked Gold for *Parts only* *Read Description*,139.99,0.0,139.99,Needs Data / Needs Review,risky,watch,51.0,False,iPhone 11 Pro Max,256GB,unlocked,0.0,Parts-only ambiguous; Parts estimate not verified; Read description listing,"resale_value_missing, specific_repair_issue_missing","status_not_candidate, score_below_threshold, stale_item, not_fresh_for_alert, item_age_above_alert_window, estimated_profit_unavailable, result_alert_ineligible",Apple iPhone 11 Pro Max 256GB Unlocked Gold for *Parts only* *Read Description*,"unlocked, read description, for parts",should_remain_needs_data,Needs Data / Needs Review,medium,Missing fields are not confidently resolvable from stored text.,,False,
v1|358610516648|0,iPhone 15 Pro Max 512GB Blue Titanium READ DESCRIPTION BOOST LOCKED,589.99,0.0,589.99,Needs Data / Needs Review,risky,watch,49.0,False,iPhone 15 Pro Max,512GB,,0.0,Parts-only ambiguous; Parts estimate not verified; Read description listing; Best Offer available,specific_repair_issue_missing,"status_not_candidate, score_below_threshold, stale_item, not_fresh_for_alert, item_age_above_alert_window, estimated_profit_unavailable, result_alert_ineligible",iPhone 15 Pro Max 512GB Blue Titanium READ DESCRIPTION BOOST LOCKED,read description,should_remain_needs_data,Needs Data / Needs Review,medium,Missing fields are not confidently resolvable from stored text.,,False,
v1|287359416891|0,Apple iPhone 8 Plus (PRODUCT)RED For Parts/Repair Cracked Screen Disabled,59.0,0.0,59.0,Rejected / Avoid,rejected,avoid,-100.0,False,unknown,,cracked_screen,0.0,Parts estimate not verified; Model unknown; Best Offer available,"model_unknown, storage_unknown, resale_value_missing","status_not_candidate, score_below_threshold, stale_item, not_fresh_for_alert, item_age_above_alert_window, hard_reject_flags, estimated_profit_unavailable, result_alert_ineligible",Apple iPhone 8 Plus (PRODUCT)RED For Parts/Repair Cracked Screen Disabled,"for parts, cracked screen",not_enough_info_even_after_description,Needs Data / Needs Review,medium,Stored description is missing and title/aspects do not resolve the missing fields.,Description/aspects missing; data fetch/storage issue rather than rule change.,False,
v1|336607241842|0,Apple iPhone 8 Plus 64GB (Unlocked) A1897 (Read Description),89.99,0.0,89.99,Rejected / Avoid,rejected,avoid,-100.0,False,unknown,64GB,unlocked,0.0,Parts-only ambiguous; Parts estimate not verified; Model unknown; Read description listing; Best Offer available,"model_unknown, resale_value_missing, specific_repair_issue_missing","status_not_candidate, score_below_threshold, stale_item, not_fresh_for_alert, item_age_above_alert_window, hard_reject_flags, estimated_profit_unavailable, result_alert_ineligible",Apple iPhone 8 Plus 64GB (Unlocked) A1897 (Read Description),"unlocked, read description",not_enough_info_even_after_description,Needs Data / Needs Review,medium,Stored description is missing and title/aspects do not resolve the missing fields.,Description/aspects missing; data fetch/storage issue rather than rule change.,False,
v1|127890416405|0,Read Description/Cracked Apple iPhone 13 - 256GB - Unlocked - Midnight,154.99,0.0,154.99,Needs Data / Needs Review,risky,watch,51.0,False,iPhone 13,256GB,unlocked,0.0,Parts-only ambiguous; Parts estimate not verified; Low-confidence pricing; Read description listing,specific_repair_issue_missing,"status_not_candidate, score_below_threshold, stale_item, not_fresh_for_alert, item_age_above_alert_window, estimated_profit_unavailable, result_alert_ineligible",Read Description/Cracked Apple iPhone 13 - 256GB - Unlocked - Midnight,"unlocked, read description, for parts",should_remain_needs_data,Needs Data / Needs Review,medium,Missing fields are not confidently resolvable from stored text.,,False,
v1|398000267107|0,Apple iPhone 12 64GB Blue For Parts Only IMEI 357814436512670,65.0,0.0,65.0,Needs Data / Needs Review,risky,watch,49.0,False,iPhone 12,64GB,,0.0,Parts-only ambiguous; Parts estimate not verified,"resale_value_missing, specific_repair_issue_missing","status_not_candidate, score_below_threshold, stale_item, not_fresh_for_alert, item_age_above_alert_window, estimated_profit_unavailable, result_alert_ineligible",Apple iPhone 12 64GB Blue For Parts Only IMEI 357814436512670,for parts,should_remain_needs_data,Needs Data / Needs Review,medium,Missing fields are not confidently resolvable from stored text.,,False,
v1|137354570626|0,Iphone 17 265gb Blue (T- Mobile Only) Used Works Great Read Description Screen,499.99,0.0,499.99,Needs Data / Needs Review,risky,watch,49.0,False,iPhone 17,,,0.0,Parts-only ambiguous; Parts estimate not verified; Low-confidence pricing; Read description listing; Best Offer available,"storage_unknown, specific_repair_issue_missing","status_not_candidate, score_below_threshold, stale_item, not_fresh_for_alert, item_age_above_alert_window, estimated_profit_unavailable, result_alert_ineligible",Iphone 17 265gb Blue (T- Mobile Only) Used Works Great Read Description Screen,"works, read description",not_enough_info_even_after_description,Needs Data / Needs Review,medium,Stored description is missing and title/aspects do not resolve the missing fields.,Description/aspects missing; data fetch/storage issue rather than rule change.,False,
v1|236843280691|0,iPhone 14 pro OEM Total Broken Screens for Parts Only,5.49,0.0,5.49,Needs Data / Needs Review,risky,watch,49.0,False,iPhone 14 Pro,,,0.0,Too cheap without proof; Parts-only listing lacks power/iCloud/IMEI proof; Parts-only ambiguous; Parts estimate not verified,"storage_unknown, specific_repair_issue_missing","status_not_candidate, score_below_threshold, stale_item, not_fresh_for_alert, item_age_above_alert_window, estimated_profit_unavailable, result_alert_ineligible",iPhone 14 pro OEM Total Broken Screens for Parts Only,for parts,not_enough_info_even_after_description,Needs Data / Needs Review,medium,Stored description is missing and title/aspects do not resolve the missing fields.,Description/aspects missing; data fetch/storage issue rather than rule change.,False,
v1|236843279072|0,iPhone 14 pro max OEM Total Broken Screens for Parts Only,5.25,0.0,5.25,Needs Data / Needs Review,risky,watch,49.0,False,iPhone 14 Pro Max,,,0.0,Too cheap without proof; Parts-only listing lacks power/iCloud/IMEI proof; Parts-only ambiguous; Parts estimate not verified; Low-confidence pricing,"storage_unknown, specific_repair_issue_missing","status_not_candidate, score_below_threshold, stale_item, not_fresh_for_alert, item_age_above_alert_window, estimated_profit_unavailable, result_alert_ineligible",iPhone 14 pro max OEM Total Broken Screens for Parts Only,for parts,not_enough_info_even_after_description,Needs Data / Needs Review,medium,Stored description is missing and title/aspects do not resolve the missing fields.,Description/aspects missing; data fetch/storage issue rather than rule change.,False,
v1|257532583379|0,Apple iPhone 13 - Midnight 128 GB (FOR PARTS) Read Description - Good Condition,119.97,0.0,119.97,Needs Data / Needs Review,risky,watch,39.0,False,iPhone 13,128GB,,0.0,Parts-only ambiguous; Parts estimate not verified; Low-confidence pricing; Read description listing,specific_repair_issue_missing,"status_not_candidate, score_below_threshold, stale_item, not_fresh_for_alert, item_age_above_alert_window, estimated_profit_unavailable, result_alert_ineligible",Apple iPhone 13 - Midnight 128 GB (FOR PARTS) Read Description - Good Condition,"read description, for parts",should_remain_needs_data,Needs Data / Needs Review,medium,Missing fields are not confidently resolvable from stored text.,,False,
v1|236843277612|0,Lot of 100 PCs 14 pro OEM Total Broken Screens for Parts Only,399.99,0.0,399.99,Rejected / Avoid,rejected,avoid,-100.0,False,unknown,,,0.0,Accessory/part listing; Not a whole phone; Parts-only ambiguous; Parts estimate not verified; Model unknown,"model_unknown, storage_unknown, resale_value_missing, specific_repair_issue_missing","status_not_candidate, score_below_threshold, stale_item, not_fresh_for_alert, item_age_above_alert_window, hard_reject_flags, whole_phone_confidence_failed, estimated_profit_unavailable, result_alert_ineligible",Lot of 100 PCs 14 pro OEM Total Broken Screens for Parts Only,for parts,not_enough_info_even_after_description,Needs Data / Needs Review,medium,Stored description is missing and title/aspects do not resolve the missing fields.,Description/aspects missing; data fetch/storage issue rather than rule change.,False,
v1|236843273922|0,Lot of 100 PCs 14 pro max OEM Total Broken Screens for Parts Only,399.0,0.0,399.0,Rejected / Avoid,rejected,avoid,-100.0,False,unknown,,,0.0,Accessory/part listing; Not a whole phone; Parts-only ambiguous; Parts estimate not verified; Model unknown,"model_unknown, storage_unknown, resale_value_missing, specific_repair_issue_missing","status_not_candidate, score_below_threshold, stale_item, not_fresh_for_alert, item_age_above_alert_window, hard_reject_flags, whole_phone_confidence_failed, estimated_profit_unavailable, result_alert_ineligible",Lot of 100 PCs 14 pro max OEM Total Broken Screens for Parts Only,for parts,not_enough_info_even_after_description,Needs Data / Needs Review,medium,Stored description is missing and title/aspects do not resolve the missing fields.,Description/aspects missing; data fetch/storage issue rather than rule change.,False,
v1|406958075616|0,iPhone XR 128 GB Battery 85% Read Description,140.0,0.0,140.0,Needs Data / Needs Review,risky,watch,49.0,False,iPhone XR,128GB,,0.0,Parts-only ambiguous; Parts estimate not verified; Read description listing; Best Offer available,"resale_value_missing, specific_repair_issue_missing","status_not_candidate, score_below_threshold, stale_item, not_fresh_for_alert, item_age_above_alert_window, estimated_profit_unavailable, result_alert_ineligible",iPhone XR 128 GB Battery 85% Read Description,read description,should_remain_needs_data,Needs Data / Needs Review,medium,Missing fields are not confidently resolvable from stored text.,,False,
v1|406958065630|0,iPhone 14 Pro READ DESCRIPTION!! Battery life 88%,240.0,0.0,240.0,Needs Data / Needs Review,risky,watch,49.0,False,iPhone 14 Pro,,,0.0,Parts-only ambiguous; Parts estimate not verified; Read description listing; Best Offer available,"storage_unknown, specific_repair_issue_missing","status_not_candidate, score_below_threshold, stale_item, not_fresh_for_alert, item_age_above_alert_window, estimated_profit_unavailable, result_alert_ineligible",iPhone 14 Pro READ DESCRIPTION!! Battery life 88%,read description,not_enough_info_even_after_description,Needs Data / Needs Review,medium,Stored description is missing and title/aspects do not resolve the missing fields.,Description/aspects missing; data fetch/storage issue rather than rule change.,False,
v1|406958058300|0,iPhone 12 64 GB Read Description,120.0,0.0,120.0,Needs Data / Needs Review,risky,watch,49.0,False,iPhone 12,64GB,,0.0,Parts-only ambiguous; Parts estimate not verified; Read description listing; Best Offer available,"resale_value_missing, specific_repair_issue_missing","status_not_candidate, score_below_threshold, stale_item, not_fresh_for_alert, item_age_above_alert_window, estimated_profit_unavailable, result_alert_ineligible",iPhone 12 64 GB Read Description,read description,should_remain_needs_data,Needs Data / Needs Review,medium,Missing fields are not confidently resolvable from stored text.,,False,
v1|236843211122|0,USED Apple iPhone 8 Plus 64GB Unlocked - 95% Battery Health Faint Screen Crack,77.0,9.95,86.95,Rejected / Avoid,rejected,avoid,-100.0,False,unknown,64GB,unlocked,0.0,No specific repair issue detected; Parts estimate not verified; Model unknown,"model_unknown, resale_value_missing, repair_issue_missing, specific_repair_issue_missing","status_not_candidate, score_below_threshold, stale_item, not_fresh_for_alert, item_age_above_alert_window, hard_reject_flags, repair_issue_missing, estimated_profit_unavailable, result_alert_ineligible",USED Apple iPhone 8 Plus 64GB Unlocked - 95% Battery Health Faint Screen Crack,"unlocked, for parts",not_enough_info_even_after_description,Needs Data / Needs Review,medium,Stored description is missing and title/aspects do not resolve the missing fields.,Description/aspects missing; data fetch/storage issue rather than rule change.,False,
v1|257532522623|0,Apple iPhone 7 32GB Black Unlocked Read Description,32.0,7.99,39.99,Rejected / Avoid,rejected,avoid,-100.0,False,unknown,,unlocked,0.0,Parts-only ambiguous; Parts estimate not verified; Model unknown; Read description listing,"model_unknown, storage_unknown, resale_value_missing, specific_repair_issue_missing","status_not_candidate, score_below_threshold, stale_item, not_fresh_for_alert, item_age_above_alert_window, hard_reject_flags, estimated_profit_unavailable, result_alert_ineligible",Apple iPhone 7 32GB Black Unlocked Read Description,"unlocked, read description",not_enough_info_even_after_description,Needs Data / Needs Review,medium,Stored description is missing and title/aspects do not resolve the missing fields.,Description/aspects missing; data fetch/storage issue rather than rule change.,False,
v1|267683056874|0,Apple iPhone 13 - 128 GB - Midnight (Unlocked) - BAD BATTERY,179.99,0.0,179.99,Needs Data / Needs Review,risky,watch,76.0,False,iPhone 13,128GB,"bad_battery, unlocked",26.06,Expected profit below threshold; Only upside case works; Conservative profit is negative; Low-confidence pricing needs stronger profit; Profit depends on mint resale; Parts estimate not verified; Low-confidence pricing,,"status_not_candidate, stale_item, not_fresh_for_alert, item_age_above_alert_window, result_alert_ineligible","Device is in very bad condition with billions of scratches (sides and edges have heavy wear). Device has a low battery health, other than that, it works fine. Device is Unlocked. iPhone only. NO OFFERS PLEASE P48 - for listing reference only","works, unlocked, for parts, bad battery",should_be_priority_review,Priority Review,medium,"Promising whole-phone evidence exists, but alert-safety data is incomplete.","Use whole-phone evidence phrases: works, unlocked, for parts, bad battery",True,
v1|377217358418|0,Apple iPhone 11 | Ships Immediately | 74% Battery 🔋 | Cracked Screen,120.0,0.0,120.0,Needs Data / Needs Review,risky,watch,61.0,False,iPhone 11,,cracked_screen,0.0,Parts estimate not verified; Best Offer available,"storage_unknown, resale_value_missing","status_not_candidate, score_below_threshold, stale_item, not_fresh_for_alert, item_age_above_alert_window, estimated_profit_unavailable, result_alert_ineligible",Apple iPhone 11 | Ships Immediately | 74% Battery 🔋 | Cracked Screen,"for parts, cracked screen",not_enough_info_even_after_description,Needs Data / Needs Review,medium,Stored description is missing and title/aspects do not resolve the missing fields.,Description/aspects missing; data fetch/storage issue rather than rule change.,False,
v1|147337007751|0,Apple iPhone 6 Plus Silver 64GB Smartphone Cracked Screen with Box,40.0,0.0,40.0,Rejected / Avoid,rejected,avoid,-100.0,False,unknown,64GB,cracked_screen,0.0,Parts estimate not verified; Model unknown; Best Offer available,"model_unknown, resale_value_missing","status_not_candidate, score_below_threshold, stale_item, not_fresh_for_alert, item_age_above_alert_window, hard_reject_flags, estimated_profit_unavailable, result_alert_ineligible",Apple iPhone 6 Plus Silver 64GB Smartphone Cracked Screen with Box,"for parts, cracked screen",not_enough_info_even_after_description,Needs Data / Needs Review,medium,Stored description is missing and title/aspects do not resolve the missing fields.,Description/aspects missing; data fetch/storage issue rather than rule change.,False,
v1|147337003790|0,Apple iPhone 8 Plus Black 64GB Dual Rear Camera Cracked Screen with Box,50.0,0.0,50.0,Rejected / Avoid,rejected,avoid,-100.0,False,unknown,64GB,cracked_screen,0.0,Parts estimate not verified; Model unknown; Best Offer available,"model_unknown, resale_value_missing","status_not_candidate, score_below_threshold, stale_item, not_fresh_for_alert, item_age_above_alert_window, hard_reject_flags, estimated_profit_unavailable, result_alert_ineligible",Apple iPhone 8 Plus Black 64GB Dual Rear Camera Cracked Screen with Box,"for parts, cracked screen",not_enough_info_even_after_description,Needs Data / Needs Review,medium,Stored description is missing and title/aspects do not resolve the missing fields.,Description/aspects missing; data fetch/storage issue rather than rule change.,False,
v1|397999889200|0,Lot of iPhones (3) - PARTS ONLY (LOCKED),80.0,6.57,86.57,Needs Data / Needs Review,risky,watch,0.0,False,unknown,,,0.0,Not a whole phone; Parts-only ambiguous; Parts estimate not verified; Model unknown; Best Offer available,"model_unknown, storage_unknown, resale_value_missing, specific_repair_issue_missing","status_not_candidate, score_below_threshold, stale_item, not_fresh_for_alert, item_age_above_alert_window, whole_phone_confidence_failed, estimated_profit_unavailable, result_alert_ineligible",Lot of iPhones (3) - PARTS ONLY (LOCKED),for parts,not_enough_info_even_after_description,Needs Data / Needs Review,medium,Stored description is missing and title/aspects do not resolve the missing fields.,Description/aspects missing; data fetch/storage issue rather than rule change.,False,
v1|188435297748|0,Apple iPhone 13 -128 GB - Black (LOCKED) CRACKED BACKGLASS,90.0,8.95,98.95,Needs Data / Needs Review,risky,watch,14.0,False,iPhone 13,128GB,,0.0,No specific repair issue detected; Parts estimate not verified; Low-confidence pricing; Best Offer available,"repair_issue_missing, specific_repair_issue_missing","status_not_candidate, score_below_threshold, stale_item, not_fresh_for_alert, item_age_above_alert_window, repair_issue_missing, estimated_profit_unavailable, result_alert_ineligible",Apple iPhone 13 -128 GB - Black (LOCKED) CRACKED BACKGLASS,"for parts, cracked back",app_missing_pricing_data,Needs Data / Needs Review,high,"Model and repair issue are present, but resale/profit data is unavailable.",Research pricing table for iPhone 13 / .,False,
v1|800084043004|0,"Apple iPhone 12 Mini 64GB Black, Unlocked, read description",180.0,0.0,180.0,Needs Data / Needs Review,risky,watch,61.0,False,iPhone 12 Mini,64GB,unlocked,0.0,Parts-only ambiguous; Parts estimate not verified; Read description listing; Best Offer available,"resale_value_missing, specific_repair_issue_missing","status_not_candidate, score_below_threshold, stale_item, not_fresh_for_alert, item_age_above_alert_window, estimated_profit_unavailable, result_alert_ineligible","Apple iPhone 12 Mini 64GB Black, Unlocked, read description","unlocked, read description",should_remain_needs_data,Needs Data / Needs Review,medium,Missing fields are not confidently resolvable from stored text.,,False,
v1|178172004209|0,APPLE IPHONE 16e AT&T 128GB BLACK DEFECTIVE READ DESCRIPTION,125.0,8.99,133.99,Needs Data / Needs Review,risky,watch,31.0,False,unknown,128GB,,0.0,Parts-only ambiguous; Parts estimate not verified; Model unknown; Read description listing,"model_unknown, resale_value_missing, specific_repair_issue_missing","status_not_candidate, score_below_threshold, stale_item, not_fresh_for_alert, item_age_above_alert_window, estimated_profit_unavailable, result_alert_ineligible",APPLE IPHONE 16e AT&T 128GB BLACK DEFECTIVE READ DESCRIPTION,"read description, for parts",not_enough_info_even_after_description,Needs Data / Needs Review,medium,Stored description is missing and title/aspects do not resolve the missing fields.,Description/aspects missing; data fetch/storage issue rather than rule change.,False,
v1|137353691233|0,iPhone Lot of 2 Blue & Rose Gold I believe iPhone 7 and iPhone 5c PARTS ONLY,50.0,0.0,50.0,Rejected / Avoid,rejected,avoid,-100.0,False,unknown,,,0.0,Accessory/part listing; Not a whole phone; Parts-only ambiguous; Parts estimate not verified; Model unknown; Best Offer available,"model_unknown, storage_unknown, resale_value_missing, specific_repair_issue_missing","status_not_candidate, score_below_threshold, stale_item, not_fresh_for_alert, item_age_above_alert_window, hard_reject_flags, whole_phone_confidence_failed, estimated_profit_unavailable, result_alert_ineligible",iPhone Lot of 2 Blue & Rose Gold I believe iPhone 7 and iPhone 5c PARTS ONLY,for parts,not_enough_info_even_after_description,Needs Data / Needs Review,medium,Stored description is missing and title/aspects do not resolve the missing fields.,Description/aspects missing; data fetch/storage issue rather than rule change.,False,
v1|278030046755|0,UNLOCKED Apple iPhone 13 Mini Pink 128GB - Good - For Parts Only,129.0,0.0,129.0,Needs Data / Needs Review,risky,watch,61.0,False,iPhone 13 Mini,128GB,unlocked,0.0,Parts-only ambiguous; Parts estimate not verified,"resale_value_missing, specific_repair_issue_missing","status_not_candidate, score_below_threshold, stale_item, not_fresh_for_alert, item_age_above_alert_window, estimated_profit_unavailable, result_alert_ineligible",UNLOCKED Apple iPhone 13 Mini Pink 128GB - Good - For Parts Only,"unlocked, for parts",should_remain_needs_data,Needs Data / Needs Review,medium,Missing fields are not confidently resolvable from stored text.,,False,
v1|406957162308|0,Apple iPhone XS Max 64GB Gold (Dual SIM+eSIM) MT5M2LL/A. READ DESCRIPTION,109.99,0.0,109.99,Needs Data / Needs Review,risky,watch,49.0,False,iPhone XS Max,64GB,,0.0,Parts-only ambiguous; Parts estimate not verified; Read description listing; Best Offer available,"resale_value_missing, specific_repair_issue_missing","status_not_candidate, score_below_threshold, stale_item, not_fresh_for_alert, item_age_above_alert_window, estimated_profit_unavailable, result_alert_ineligible",Apple iPhone XS Max 64GB Gold (Dual SIM+eSIM) MT5M2LL/A. READ DESCRIPTION,read description,should_remain_needs_data,Needs Data / Needs Review,medium,Missing fields are not confidently resolvable from stored text.,,False,
v1|358608706751|0,(17x) Cracked iPhone Screens untested,18.06,0.0,18.06,Needs Data / Needs Review,risky,watch,6.0,False,unknown,,,0.0,No specific repair issue detected; Parts estimate not verified; Model unknown; Best Offer available,"model_unknown, storage_unknown, resale_value_missing, repair_issue_missing, specific_repair_issue_missing","status_not_candidate, score_below_threshold, stale_item, not_fresh_for_alert, item_age_above_alert_window, repair_issue_missing, estimated_profit_unavailable, result_alert_ineligible",(17x) Cracked iPhone Screens untested,untested,not_enough_info_even_after_description,Needs Data / Needs Review,medium,Stored description is missing and title/aspects do not resolve the missing fields.,Description/aspects missing; data fetch/storage issue rather than rule change.,False,
v1|227361690157|0,*PARTS/REPAIR* Lot of 11 Apple iPhone XR A1984 (PLEASE READ DESCRIPTION),199.99,0.0,199.99,Rejected / Avoid,rejected,avoid,-100.0,False,unknown,,,0.0,Accessory/part listing; Not a whole phone; Parts-only ambiguous; Parts estimate not verified; Model unknown; Read description listing,"model_unknown, storage_unknown, resale_value_missing, specific_repair_issue_missing","status_not_candidate, score_below_threshold, stale_item, not_fresh_for_alert, item_age_above_alert_window, hard_reject_flags, whole_phone_confidence_failed, estimated_profit_unavailable, result_alert_ineligible",*PARTS/REPAIR* Lot of 11 Apple iPhone XR A1984 (PLEASE READ DESCRIPTION),"read description, for parts",not_enough_info_even_after_description,Needs Data / Needs Review,medium,Stored description is missing and title/aspects do not resolve the missing fields.,Description/aspects missing; data fetch/storage issue rather than rule change.,False,
v1|327182355269|0,Apple iPhone 17 Air 256GB Light Gold MG1A4LL/A Unlocked - FOR PARTS ONLY! BROKEN,600.0,15.0,615.0,Needs Data / Needs Review,risky,watch,61.0,False,iPhone 17,256GB,unlocked,0.0,Parts-only ambiguous; Parts estimate not verified; Low-confidence pricing,specific_repair_issue_missing,"status_not_candidate, score_below_threshold, stale_item, not_fresh_for_alert, item_age_above_alert_window, estimated_profit_unavailable, result_alert_ineligible",Apple iPhone 17 Air 256GB Light Gold MG1A4LL/A Unlocked - FOR PARTS ONLY! BROKEN,"unlocked, for parts",should_remain_needs_data,Needs Data / Needs Review,medium,Missing fields are not confidently resolvable from stored text.,,False,
v1|157948201861|0,"Apple iPhone 17 Pro 256GB, Cosmic Orange, Verizon for Parts Only",650.0,0.0,650.0,Needs Data / Needs Review,risky,watch,49.0,False,iPhone 17 Pro,256GB,,0.0,Parts-only ambiguous; Parts estimate not verified; Low-confidence pricing; Best Offer available,specific_repair_issue_missing,"status_not_candidate, score_below_threshold, stale_item, not_fresh_for_alert, item_age_above_alert_window, estimated_profit_unavailable, result_alert_ineligible","Apple iPhone 17 Pro 256GB, Cosmic Orange, Verizon for Parts Only",for parts,should_remain_needs_data,Needs Data / Needs Review,medium,Missing fields are not confidently resolvable from stored text.,,False,
v1|206304173419|0,iphone 12 pro max parts only,100.0,6.5,106.5,Needs Data / Needs Review,risky,watch,49.0,False,iPhone 12 Pro Max,,,0.0,Parts-only ambiguous; Parts estimate not verified,"storage_unknown, resale_value_missing, specific_repair_issue_missing","status_not_candidate, score_below_threshold, stale_item, not_fresh_for_alert, item_age_above_alert_window, estimated_profit_unavailable, result_alert_ineligible",iphone 12 pro max parts only,for parts,not_enough_info_even_after_description,Needs Data / Needs Review,medium,Stored description is missing and title/aspects do not resolve the missing fields.,Description/aspects missing; data fetch/storage issue rather than rule change.,False,
v1|318372911450|0,Apple iPhone 17 Pro Max - 256 GB - Cosmic Orange AT&T FOR PARTS ONLY,770.0,0.0,770.0,Needs Data / Needs Review,risky,watch,49.0,False,iPhone 17 Pro Max,256GB,,0.0,Parts-only ambiguous; Parts estimate not verified,specific_repair_issue_missing,"status_not_candidate, score_below_threshold, stale_item, not_fresh_for_alert, item_age_above_alert_window, estimated_profit_unavailable, result_alert_ineligible",Apple iPhone 17 Pro Max - 256 GB - Cosmic Orange AT&T FOR PARTS ONLY,for parts,should_remain_needs_data,Needs Data / Needs Review,medium,Missing fields are not confidently resolvable from stored text.,,False,
v1|318372845085|0,Apple iPhone 17 Pro Max - 256 GB - Cosmic Orange (Verizon) FOR PARTS ONLY,770.0,0.0,770.0,Needs Data / Needs Review,risky,watch,49.0,False,iPhone 17 Pro Max,256GB,,0.0,Parts-only ambiguous; Parts estimate not verified,specific_repair_issue_missing,"status_not_candidate, score_below_threshold, stale_item, not_fresh_for_alert, item_age_above_alert_window, estimated_profit_unavailable, result_alert_ineligible",Apple iPhone 17 Pro Max - 256 GB - Cosmic Orange (Verizon) FOR PARTS ONLY,for parts,should_remain_needs_data,Needs Data / Needs Review,medium,Missing fields are not confidently resolvable from stored text.,,False,
v1|236842241764|0,Brand New Apple iPhone 17 Pro Max - 256 GB - Silver (For Parts Only) Read desc,750.0,0.0,750.0,Needs Data / Needs Review,risky,watch,49.0,False,iPhone 17 Pro Max,256GB,,0.0,Parts-only ambiguous; Parts estimate not verified,specific_repair_issue_missing,"status_not_candidate, score_below_threshold, stale_item, not_fresh_for_alert, item_age_above_alert_window, estimated_profit_unavailable, result_alert_ineligible",Brand New Apple iPhone 17 Pro Max - 256 GB - Silver (For Parts Only) Read desc,for parts,should_remain_needs_data,Needs Data / Needs Review,medium,Missing fields are not confidently resolvable from stored text.,,False,
v1|147336178872|0,Apple iPhone 12 64GB A2172 Black (Unlocked) Smartphone - Back Glass Cracked,114.95,0.0,114.95,Needs Data / Needs Review,risky,watch,73.0,False,iPhone 12,64GB,"back_glass_cracked, unlocked",0.0,Parts estimate not verified,resale_value_missing,"status_not_candidate, stale_item, not_fresh_for_alert, item_age_above_alert_window, estimated_profit_unavailable, result_alert_ineligible",Apple iPhone 12 64GB A2172 Black (Unlocked) Smartphone - Back Glass Cracked,"unlocked, for parts, back glass",app_missing_pricing_data,Needs Data / Needs Review,high,"Model and repair issue are present, but resale/profit data is unavailable.","Research pricing table for iPhone 12 / back_glass_cracked, unlocked.",False,
v1|147336173071|0,Apple iPhone 12 64GB A2172 Black (Unlocked) Smartphone - Back Glass Cracked,119.95,0.0,119.95,Needs Data / Needs Review,risky,watch,73.0,False,iPhone 12,64GB,"back_glass_cracked, unlocked",0.0,Parts estimate not verified,resale_value_missing,"status_not_candidate, stale_item, not_fresh_for_alert, item_age_above_alert_window, estimated_profit_unavailable, result_alert_ineligible",Apple iPhone 12 64GB A2172 Black (Unlocked) Smartphone - Back Glass Cracked,"unlocked, for parts, back glass",app_missing_pricing_data,Needs Data / Needs Review,high,"Model and repair issue are present, but resale/profit data is unavailable.","Research pricing table for iPhone 12 / back_glass_cracked, unlocked.",False,
v1|147336172208|0,Apple iPhone 12 64GB A2172 Black (Unlocked) Smartphone - Back Glass Cracked,119.95,0.0,119.95,Needs Data / Needs Review,risky,risky,73.0,False,iPhone 12,64GB,"back_glass_cracked, unlocked",0.0,Parts estimate not verified,,,Apple iPhone 12 64GB A2172 Black (Unlocked) Smartphone - Back Glass Cracked,"unlocked, for parts, back glass",should_be_priority_review,Priority Review,medium,"Promising whole-phone evidence exists, but alert-safety data is incomplete.","Use whole-phone evidence phrases: unlocked, for parts, back glass",False,
v1|358608017324|0,Apple iPhone 11 64GB Red Unlocked/T-Mobile 12MP Cracked Screen For Parts,80.0,0.0,80.0,Needs Data / Needs Review,risky,risky,73.0,False,iPhone 11,64GB,"cracked_screen, unlocked",0.0,Parts estimate not verified; Best Offer available,,,Apple iPhone 11 64GB Red Unlocked/T-Mobile 12MP Cracked Screen For Parts,"unlocked, for parts, cracked screen",should_be_priority_review,Priority Review,medium,"Promising whole-phone evidence exists, but alert-safety data is incomplete.","Use whole-phone evidence phrases: unlocked, for parts, cracked screen",False,
v1|227361454717|0,iPhone 15 Pro Max - Natural Titanium - 256GB - Great Condition - For Parts Only!,379.0,0.0,379.0,Needs Data / Needs Review,risky,risky,49.0,False,iPhone 15 Pro Max,256GB,,0.0,Parts-only ambiguous; Parts estimate not verified,,,iPhone 15 Pro Max - Natural Titanium - 256GB - Great Condition - For Parts Only!,for parts,correctly_sorted,Needs Data / Needs Review,medium,No clear stored evidence supports a different bucket.,,False,
v1|137352425184|0,Apple iPhone 15 128GB Pink 5.4in 12MP Bar Phone Cracked Screen/Back FOR PARTS,100.0,0.0,100.0,Needs Data / Needs Review,risky,risky,89.0,False,iPhone 15,128GB,cracked_screen,180.45,Too cheap without proof; Parts-only listing lacks power/iCloud/IMEI proof; Parts estimate not verified; Low-confidence pricing; Best Offer available,,,This phone is for parts. It’s not￼ working you will not be able to use it even if you were on your screen on,"for parts, cracked screen",should_be_watch,Risky / Watch,medium,"Damaged whole-phone listing looks reviewable, not alert-safe.","Use whole-phone evidence phrases: for parts, cracked screen",True,
v1|327181950804|0,Apple iPhone SE 2nd Gen 128GB A2275 White Unlocked Cracked Screen #A88,79.95,0.0,79.95,Needs Data / Needs Review,risky,risky,73.0,False,iPhone SE 2nd Gen,128GB,"cracked_screen, unlocked",0.0,Parts estimate not verified,,,Apple iPhone SE 2nd Gen 128GB A2275 White Unlocked Cracked Screen #A88,"unlocked, for parts, cracked screen",should_be_priority_review,Priority Review,medium,"Promising whole-phone evidence exists, but alert-safety data is incomplete.","Use whole-phone evidence phrases: unlocked, for parts, cracked screen",False,
v1|298360265676|0,"Apple iPhone S Model A1633 Locked, No Sim, Cracked Screen, Powers On",14.75,0.0,14.75,Needs Data / Needs Review,risky,risky,75.0,False,unknown,,"cracked_screen, powers_on",0.0,Parts estimate not verified; Model unknown; Best Offer available,,,"Apple iPhone S Model A1633 Locked, No Sim, Cracked Screen, Powers On","powers on, for parts, cracked screen",should_be_priority_review,Priority Review,medium,"Promising whole-phone evidence exists, but alert-safety data is incomplete.","Use whole-phone evidence phrases: powers on, for parts, cracked screen",False,
v1|800081409935|0,Apple iPhone 12 Pro Pacific Blue Cracked Back Glass,75.0,0.0,75.0,Needs Data / Needs Review,risky,risky,61.0,False,iPhone 12 Pro,,back_glass_cracked,0.0,Parts estimate not verified; Best Offer available,,,Apple iPhone 12 Pro Pacific Blue Cracked Back Glass,"for parts, cracked back, back glass",should_be_watch,Risky / Watch,medium,"Damaged whole-phone listing looks reviewable, not alert-safe.","Use whole-phone evidence phrases: for parts, cracked back, back glass",False,
v1|397997400582|0,Broken Unlocked Apple iPhone 12 64GB 26.4.2 MMPT3LL/A Cracked Screen,99.99,0.0,99.99,Needs Data / Needs Review,risky,risky,73.0,False,iPhone 12,64GB,"cracked_screen, unlocked",0.0,Parts estimate not verified,,,Broken Unlocked Apple iPhone 12 64GB 26.4.2 MMPT3LL/A Cracked Screen,"unlocked, for parts, cracked screen",should_be_priority_review,Priority Review,medium,"Promising whole-phone evidence exists, but alert-safety data is incomplete.","Use whole-phone evidence phrases: unlocked, for parts, cracked screen",False,
v1|336605956109|0,Apple iPhone SE 1st Gen. 16GB Space Gray TFW Battery Health 84% Bad Batt.,32.99,6.0,38.99,Needs Data / Needs Review,risky,risky,24.0,False,iPhone SE,,,0.0,No specific repair issue detected; Parts estimate not verified; Best Offer available,,,Apple iPhone SE 1st Gen. 16GB Space Gray TFW Battery Health 84% Bad Batt.,,correctly_sorted,Needs Data / Needs Review,medium,No clear stored evidence supports a different bucket.,,False,
v1|306966623047|0,Apple iPhone XR - 64GB - Blue (Unlocked) - CRACKED SCREEN,89.99,0.0,89.99,Needs Data / Needs Review,risky,risky,73.0,False,iPhone XR,64GB,"cracked_screen, unlocked",0.0,Parts estimate not verified,,,Apple iPhone XR - 64GB - Blue (Unlocked) - CRACKED SCREEN,"unlocked, for parts, cracked screen",should_be_priority_review,Priority Review,medium,"Promising whole-phone evidence exists, but alert-safety data is incomplete.","Use whole-phone evidence phrases: unlocked, for parts, cracked screen",False,
v1|117218491634|0,QNAP TR-004 4 Bay USB C Direct Attached Storage DAS- Parts Only,75.0,0.0,75.0,Needs Data / Needs Review,risky,risky,0.0,False,unknown,,,0.0,Not a whole phone; Parts-only ambiguous; Parts estimate not verified; Model unknown,,,QNAP TR-004 4 Bay USB C Direct Attached Storage DAS- Parts Only,for parts,correctly_sorted,Needs Data / Needs Review,medium,No clear stored evidence supports a different bucket.,,False,
v1|358606746046|0,Broken Unlocked Apple iPhone 13 128GB 26.3 ML933LL/A Bad Battery,179.99,0.0,179.99,Needs Data / Needs Review,risky,risky,100.0,False,iPhone 13,128GB,"bad_battery, powers_on, unlocked, clean_imei",26.06,Expected profit below threshold; Only upside case works; Conservative profit is negative; Low-confidence pricing needs stronger profit; Profit depends on mint resale; Parts estimate not verified; Low-confidence pricing,,,"Broken Unlocked Apple iPhone 13 128GB 26.3 ML933LL/A Bad Battery Broken Unlocked Apple iPhone 13 128GB 26.3 ML933LL/A Bad Battery Items included in this sale: Broken Unlocked Apple iPhone 13 128GB 26.3 ML933LL/A Bad Battery *Please note, if it is not listed it","powers on, clean imei, unlocked, for parts, bad battery",should_be_priority_review,Priority Review,medium,"Promising whole-phone evidence exists, but alert-safety data is incomplete.","Use whole-phone evidence phrases: powers on, clean imei, unlocked, for parts, bad battery",True,
v1|298359608183|0,Apple iPhone 11 Black 128GB Unlocked - Cracked Screen - Dark LCD - READ,132.59,0.0,132.59,Needs Data / Needs Review,risky,risky,73.0,False,iPhone 11,128GB,"cracked_screen, unlocked",0.0,Parts estimate not verified,,,Apple iPhone 11 Black 128GB Unlocked - Cracked Screen - Dark LCD - READ,"unlocked, for parts, cracked screen",should_be_priority_review,Priority Review,medium,"Promising whole-phone evidence exists, but alert-safety data is incomplete.","Use whole-phone evidence phrases: unlocked, for parts, cracked screen",False,
v1|278027791351|0,Apple iPhone XR Black 128GB Unlocked -Face ID NF/Battery/LCD- Back Glass Cracked,86.69,0.0,86.69,Needs Data / Needs Review,risky,risky,73.0,False,iPhone XR,128GB,"back_glass_cracked, unlocked",0.0,Parts estimate not verified,,,Apple iPhone XR Black 128GB Unlocked -Face ID NF/Battery/LCD- Back Glass Cracked,"unlocked, for parts, back glass",should_be_priority_review,Priority Review,medium,"Promising whole-phone evidence exists, but alert-safety data is incomplete.","Use whole-phone evidence phrases: unlocked, for parts, back glass",False,
v1|147334281535|0,Apple iPhone 13 Pro 128GB A2483 Sierra Blue (Unlocked) - Back Glass Cracked,199.95,0.0,199.95,Needs Data / Needs Review,risky,risky,93.0,False,iPhone 13 Pro,128GB,"back_glass_cracked, unlocked",94.05,Conservative profit is negative; Low-confidence pricing needs stronger profit; Profit depends on mint resale; Model/spec mismatch; Parts estimate not verified; Low-confidence pricing,,,Home Add to favorites Feedback Contact Tablets Smartwatches Game Consoles Laptops & Computers Accessories Cell Phones Networking Computer Components Monitors Apple iPhone 13 Pro 128GB A2483 Sierra Blue (Unlocked) - Back Glass Cracked Apple iPhone 13 Pro 128GB ,"unlocked, no icloud, for parts, back glass",should_be_best_pick,Best Pick / Candidate,medium,Promising whole-phone evidence and profit; no obvious stored blocker.,"Use whole-phone evidence phrases: unlocked, no icloud, for parts, back glass",True,
v1|188428590814|0,Broken T-Mobile Apple iPhone 11 64GB 26.5 MWJE2LL/A Bad Battery and Broken Scree,69.99,0.0,69.99,Needs Data / Needs Review,risky,risky,61.0,False,iPhone 11,64GB,bad_battery,0.0,Parts estimate not verified,,,Broken T-Mobile Apple iPhone 11 64GB 26.5 MWJE2LL/A Bad Battery and Broken Scree,"for parts, bad battery",should_be_watch,Risky / Watch,medium,"Damaged whole-phone listing looks reviewable, not alert-safe.","Use whole-phone evidence phrases: for parts, bad battery",False,
v1|366436115269|0,Broken Unlocked Apple iPhone SE 2nd Gen 64GB 26.3 MHGQ3J/A Bad Battery,59.99,0.0,59.99,Needs Data / Needs Review,risky,risky,73.0,False,iPhone SE 2nd Gen,64GB,"bad_battery, unlocked",0.0,Parts estimate not verified,,,Broken Unlocked Apple iPhone SE 2nd Gen 64GB 26.3 MHGQ3J/A Bad Battery,"unlocked, for parts, bad battery",should_be_priority_review,Priority Review,medium,"Promising whole-phone evidence exists, but alert-safety data is incomplete.","Use whole-phone evidence phrases: unlocked, for parts, bad battery",False,
v1|178167882926|0,Apple iPhone X - 64 GB - Gray - Network Locked - Brand New - Bad Battery - Read,119.95,0.0,119.95,Needs Data / Needs Review,risky,risky,61.0,False,iPhone X,64GB,bad_battery,0.0,Parts estimate not verified,,,Apple iPhone X - 64 GB - Gray - Network Locked - Brand New - Bad Battery - Read,"for parts, bad battery",should_be_watch,Risky / Watch,medium,"Damaged whole-phone listing looks reviewable, not alert-safe.","Use whole-phone evidence phrases: for parts, bad battery",False,
v1|358602365888|0,Broken Unlocked Apple iPhone 12 64GB 26.5 MGH93LL/A Bad Battery,129.99,0.0,129.99,Needs Data / Needs Review,risky,risky,73.0,False,iPhone 12,64GB,"bad_battery, unlocked",0.0,Parts estimate not verified,,,Broken Unlocked Apple iPhone 12 64GB 26.5 MGH93LL/A Bad Battery,"unlocked, for parts, bad battery",should_be_priority_review,Priority Review,medium,"Promising whole-phone evidence exists, but alert-safety data is incomplete.","Use whole-phone evidence phrases: unlocked, for parts, bad battery",False,
v1|318365243494|0,Apple iPhone XS Max 128GB Black iOS Smartphone - Cracked Back Glass,100.0,0.0,100.0,Needs Data / Needs Review,risky,risky,61.0,False,iPhone XS Max,128GB,back_glass_cracked,0.0,Parts estimate not verified; Best Offer available,,,Apple iPhone XS Max 128GB Black iOS Smartphone - Cracked Back Glass,"for parts, cracked back, back glass",should_be_watch,Risky / Watch,medium,"Damaged whole-phone listing looks reviewable, not alert-safe.","Use whole-phone evidence phrases: for parts, cracked back, back glass",False,
v1|406947795392|0,Apple iPhone 11 - 64GB Space Gray (Unlocked) - Back Glass Cracked,120.0,0.0,120.0,Needs Data / Needs Review,risky,risky,73.0,False,iPhone 11,64GB,"back_glass_cracked, unlocked",0.0,Parts estimate not verified,,,Apple iPhone 11 - 64GB Space Gray (Unlocked) - Back Glass Cracked,"unlocked, for parts, back glass",should_be_priority_review,Priority Review,medium,"Promising whole-phone evidence exists, but alert-safety data is incomplete.","Use whole-phone evidence phrases: unlocked, for parts, back glass",False,
v1|397982244048|0,Broken Unlocked Apple iPhone 13 Mini 128GB 26.1 MLHP3LL/A Bad Battery,179.99,0.0,179.99,Needs Data / Needs Review,risky,risky,73.0,False,iPhone 13 Mini,128GB,"bad_battery, unlocked",0.0,Parts estimate not verified,,,Broken Unlocked Apple iPhone 13 Mini 128GB 26.1 MLHP3LL/A Bad Battery,"unlocked, for parts, bad battery",should_be_priority_review,Priority Review,medium,"Promising whole-phone evidence exists, but alert-safety data is incomplete.","Use whole-phone evidence phrases: unlocked, for parts, bad battery",False,
v1|306956851089|0,Broken Unlocked Apple iPhone 12 64GB 18.3.2 MGH73LL/A /Bad Battery,159.99,0.0,159.99,Needs Data / Needs Review,risky,risky,73.0,False,iPhone 12,64GB,"bad_battery, unlocked",0.0,Parts estimate not verified,,,Broken Unlocked Apple iPhone 12 64GB 18.3.2 MGH73LL/A /Bad Battery,"unlocked, for parts, bad battery",should_be_priority_review,Priority Review,medium,"Promising whole-phone evidence exists, but alert-safety data is incomplete.","Use whole-phone evidence phrases: unlocked, for parts, bad battery",False,
v1|147325389501|0,Broken Unlocked Apple iPhone 11 64GB 18.7.2 MHCP3LL/A Bad Battery,124.99,0.0,124.99,Needs Data / Needs Review,risky,risky,73.0,False,iPhone 11,64GB,"bad_battery, unlocked",0.0,Parts estimate not verified,,,Broken Unlocked Apple iPhone 11 64GB 18.7.2 MHCP3LL/A Bad Battery,"unlocked, for parts, bad battery",should_be_priority_review,Priority Review,medium,"Promising whole-phone evidence exists, but alert-safety data is incomplete.","Use whole-phone evidence phrases: unlocked, for parts, bad battery",False,
v1|336596784292|0,iPhone 15 Back Glass OEM Cracked,20.0,0.0,20.0,Needs Data / Needs Review,risky,risky,14.0,False,iPhone 15,,,0.0,Too cheap without proof; Parts-only listing lacks power/iCloud/IMEI proof; No specific repair issue detected; Parts estimate not verified; Low-confidence pricing; Best Offer available,,,iPhone 15 Back Glass OEM Cracked,"for parts, back glass",should_be_watch,Risky / Watch,medium,"Damaged whole-phone listing looks reviewable, not alert-safe.","Use whole-phone evidence phrases: for parts, back glass",False,
v1|267677246485|0,Apple iPhone 14 Pro Max - 1 TB - Gold (Unlocked) - Bad Battery,499.99,0.0,499.99,Needs Data / Needs Review,risky,risky,76.0,False,iPhone 14 Pro Max,1TB,"bad_battery, unlocked",35.01,Expected profit below threshold; Only upside case works; Low-confidence pricing needs stronger profit; Profit depends on mint resale; Parts estimate not verified; Low-confidence pricing,,,Screen has scratches all over. Battery health is 75% and says service is needed. Everything else remains Functional. iPhone only. P34 - for listing reference only,"unlocked, for parts, bad battery",should_be_priority_review,Priority Review,medium,"Promising whole-phone evidence exists, but alert-safety data is incomplete.","Use whole-phone evidence phrases: unlocked, for parts, bad battery",True,
v1|397971120585|0,Broken Unlocked Apple iPhone 14 Pro 128GB 26.3.1 MPXT3LL/A Weak Battery Bad LCD,307.99,0.0,307.99,Needs Data / Needs Review,risky,risky,92.0,False,iPhone 14 Pro,128GB,"screen_display_issue, powers_on, unlocked, clean_imei",-4.99,Expected profit below threshold; Profit depends on mint resale; Parts estimate not verified,,,Broken Unlocked Apple iPhone 14 Pro 128GB 26.3.1 MPXT3LL/A Weak Battery Bad LCD Broken Unlocked Apple iPhone 14 Pro 128GB 26.3.1 MPXT3LL/A Weak Battery Bad LCD Items included in this sale: Broken Unlocked Apple iPhone 14 Pro 128GB 26.3.1 MPXT3LL/A Weak Battery,"powers on, clean imei, unlocked, for parts, back glass",should_be_priority_review,Priority Review,medium,"Promising whole-phone evidence exists, but alert-safety data is incomplete.","Use whole-phone evidence phrases: powers on, clean imei, unlocked, for parts, back glass",True,
v1|188403810474|0,Apple iPhone XR Blue 128GB - Verizon Locked - Back Glass Cracked *READ*,69.95,0.0,69.95,Needs Data / Needs Review,risky,risky,61.0,False,iPhone XR,128GB,back_glass_cracked,0.0,Parts estimate not verified; Best Offer available,,,Apple iPhone XR Blue 128GB - Verizon Locked - Back Glass Cracked *READ*,"for parts, back glass",should_be_watch,Risky / Watch,medium,"Damaged whole-phone listing looks reviewable, not alert-safe.","Use whole-phone evidence phrases: for parts, back glass",False,
v1|287341401198|0,AS-IS Apple iPhone 12 Pro 128GB MGKG3LL/A Cracked Screen Bad Battery/Charge Port,169.05,0.0,169.05,Needs Data / Needs Review,risky,risky,63.0,False,iPhone 12 Pro,128GB,"cracked_screen, bad_battery",0.0,Parts estimate not verified,,,AS-IS Apple iPhone 12 Pro 128GB MGKG3LL/A Cracked Screen Bad Battery/Charge Port,"for parts, as-is, cracked screen, bad battery",should_be_watch,Risky / Watch,medium,"Damaged whole-phone listing looks reviewable, not alert-safe.","Use whole-phone evidence phrases: for parts, as-is, cracked screen, bad battery",False,
v1|227350245002|0,Broken Unlocked Apple iPhone 12 Mini 64GB MJNL3LL/A Bad Touch Screen/Battery,119.99,0.0,119.99,Needs Data / Needs Review,risky,risky,61.0,False,iPhone 12 Mini,64GB,unlocked,0.0,Parts-only ambiguous; Parts estimate not verified,,,Broken Unlocked Apple iPhone 12 Mini 64GB MJNL3LL/A Bad Touch Screen/Battery,"unlocked, for parts",correctly_sorted,Needs Data / Needs Review,medium,No clear stored evidence supports a different bucket.,,False,
v1|277999892351|0,"Apple iPhone 1st Gen A1203 2G 8GB iOS 3 - Excellent Condition, Bad Battery",83.0,0.0,83.0,Needs Data / Needs Review,risky,risky,53.0,False,unknown,,bad_battery,0.0,Parts estimate not verified; Model unknown; Best Offer available,,,"Apple iPhone 1st Gen A1203 2G 8GB iOS 3 - Excellent Condition, Bad Battery","for parts, bad battery",should_be_watch,Risky / Watch,medium,"Damaged whole-phone listing looks reviewable, not alert-safe.","Use whole-phone evidence phrases: for parts, bad battery",False,
v1|157916351415|0,Broken Unlocked Apple iPhone 13 Pro 256GB 26.2.1 MLTW3LL/A Bad Battery,299.99,0.0,299.99,Needs Data / Needs Review,risky,risky,100.0,False,iPhone 13 Pro,256GB,"bad_battery, powers_on, unlocked, clean_imei, face_id_works",12.11,Expected profit below threshold; Only upside case works; Low-confidence pricing needs stronger profit; Profit depends on mint resale; Parts estimate not verified; Low-confidence pricing,,,"Broken Unlocked Apple iPhone 13 Pro 256GB 26.2.1 MLTW3LL/A Bad Battery Broken Unlocked Apple iPhone 13 Pro 256GB 26.2.1 MLTW3LL/A Bad Battery Items included in this sale: Broken Unlocked Apple iPhone 13 Pro 256GB 26.2.1 MLTW3LL/A Bad Battery *Please note, if i","powers on, works, clean imei, unlocked, face id works, for parts, back glass, bad battery",should_be_priority_review,Priority Review,medium,"Promising whole-phone evidence exists, but alert-safety data is incomplete.","Use whole-phone evidence phrases: powers on, works, clean imei, unlocked, face id works, for parts, back glass, bad battery",True,
v1|318312586801|0,Broken Unlocked Apple iPhone 12 Mini 64GB Green MG743LL/A /Bad Battery & Back Cr,85.99,0.0,85.99,Needs Data / Needs Review,risky,risky,73.0,False,iPhone 12 Mini,64GB,"bad_battery, unlocked",0.0,Parts estimate not verified,,,Broken Unlocked Apple iPhone 12 Mini 64GB Green MG743LL/A /Bad Battery & Back Cr,"unlocked, for parts, bad battery",should_be_priority_review,Priority Review,medium,"Promising whole-phone evidence exists, but alert-safety data is incomplete.","Use whole-phone evidence phrases: unlocked, for parts, bad battery",False,
